# AIHWKIT packed pulse-train dump v1
batch_size=128
input_count=64
output_count=8
bl=128
words_per_train=5
out_trans=0
granularity=0.01
x_train_length=40960
d_train_length=5120

[x_train]
4261411704 2164326400 2479124426 1918007700 1310784 3600840452 2300255272 29376614 1217077440 4282376180 4278177790 2254356090 4008393726 3124904888 1050640 1225412722
2214844294 2147745792 3203890170 524368 2181039104 22324308 4188721146 134479872 4286578414 2660886908 270997068 4294967294 212092720 8392752 4194320 3955717942
3757046782 4273843326 2417768202 2433744904 67108864 131072 2097664 1074270618 2302676992 4022073150 3221213082 5506208 419561794 406847522 536871044 3755638718
4261412846 0 557912082 3754941822 539570240 2797377762 4294967294 4294934526 4294966606 698464528 67108864 3082284862 4294950910 2758826334 1708900526 3712850204
3 0 3 2 0 0 1 0 0 1 3 2 3 1 0 1
2 0 3 0 0 1 2 0 1 3 1 3 0 0 2 3
3 3 0 2 0 0 2 3 0 3 3 0 1 0 1 2
3 0 0 3 1 1 3 3 3 0 0 3 3 3 1 2
0 0 0 0 0 0 0 0 0 0 0 0 0 0 0 0
0 0 0 0 0 0 0 0 0 0 0 0 0 0 0 0
0 0 0 0 0 0 0 0 0 0 0 0 0 0 0 0
0 0 0 0 0 0 0 0 0 0 0 0 0 0 0 0
0 0 0 0 0 0 0 0 0 0 0 0 0 0 0 0
0 0 0 0 0 0 0 0 0 0 0 0 0 0 0 0
0 0 0 0 0 0 0 0 0 0 0 0 0 0 0 0
0 0 0 0 0 0 0 0 0 0 0 0 0 0 0 0
0 0 0 0 0 0 0 0 0 0 0 0 0 0 0 0
0 0 0 0 0 0 0 0 0 0 0 0 0 0 0 0
0 0 0 0 0 0 0 0 0 0 0 0 0 0 0 0
0 0 0 0 0 0 0 0 0 0 0 0 0 0 0 0
3221225470 4294967294 790776484 3812821940 616281040 3758063036 1176797388 0 3252379224 559960064 1524342754 1064960 1848544482 4294934524 0 1084227648
4122901414 1523269466 1246720 3755657980 3108103264 267481194 3223324780 1360331730 262144 1610055676 3178749238 4223664126 4294950654 1091763606 1098908288 1481565654
35735744 1073610684 360708 549414 4227725294 219489052 3663101942 4160484588 4193768854 2538862590 1900303360 236257612 4037235334 4281859486 25498022 3745472254
4022327166 547758080 3240375552 4294836220 3648183246 3691790476 3395393602 4286496766 3329178558 2641359844 2146430874 3893243270 785597726 3369459184 4294770174 62403686
4062 4095 331 829 2072 3839 3133 0 3967 546 887 0 2697 4095 544 512
3063 2709 0 3185 2203 3829 737 0 0 4070 4087 4095 3967 1080 260 251
2329 4095 2061 1296 4094 1291 3599 4021 4061 2621 3907 1537 119 1775 41 1271
3049 70 3780 4095 2728 1316 3104 4079 1991 1788 2935 3805 240 2345 4095 1280
0 0 0 0 0 0 0 0 0 0 0 0 0 0 0 0
0 0 0 0 0 0 0 0 0 0 0 0 0 0 0 0
0 0 0 0 0 0 0 0 0 0 0 0 0 0 0 0
0 0 0 0 0 0 0 0 0 0 0 0 0 0 0 0
0 0 0 0 0 0 0 0 0 0 0 0 0 0 0 0
0 0 0 0 0 0 0 0 0 0 0 0 0 0 0 0
0 0 0 0 0 0 0 0 0 0 0 0 0 0 0 0
0 0 0 0 0 0 0 0 0 0 0 0 0 0 0 0
0 0 0 0 0 0 0 0 0 0 0 0 0 0 0 0
0 0 0 0 0 0 0 0 0 0 0 0 0 0 0 0
0 0 0 0 0 0 0 0 0 0 0 0 0 0 0 0
0 0 0 0 0 0 0 0 0 0 0 0 0 0 0 0
4294967286 3221225460 822167692 800383582 2949300190 2221044802 3248883720 4288872380 182316510 4244463614 4294967294 3799123288 8 2900802588 3479519378 3699509348
101519512 4286446046 4218419538 4294705086 4293386108 3485319102 4294967134 65536 2832167838 0 4135475070 4294967294 1144881316 42274976 262176 43024592
3476411756 3060723630 0 1491847938 4285257658 4109892874 300318636 4194304 4294967294 22282498 4294967294 2142092274 2147483652 4294945790 1115881984 4294966782
4294950910 4294959102 19403144 4292870138 0 2566213664 3755318588 453509636 2689699840 3369377858 2281963528 738328954 3601816042 4093640654 3557034656 3482087854
15 15 10 8 15 1 11 11 3 5 15 3 0 7 9 0
1 15 11 15 15 15 15 0 2 0 15 15 12 1 0 10
11 14 0 10 15 2 10 0 15 4 15 14 4 13 3 15
15 15 6 6 0 10 15 6 5 1 10 13 13 14 5 11
0 0 0 0 0 0 0 0 0 0 0 0 0 0 0 0
0 0 0 0 0 0 0 0 0 0 0 0 0 0 0 0
0 0 0 0 0 0 0 0 0 0 0 0 0 0 0 0
0 0 0 0 0 0 0 0 0 0 0 0 0 0 0 0
0 0 0 0 0 0 0 0 0 0 0 0 0 0 0 0
0 0 0 0 0 0 0 0 0 0 0 0 0 0 0 0
0 0 0 0 0 0 0 0 0 0 0 0 0 0 0 0
0 0 0 0 0 0 0 0 0 0 0 0 0 0 0 0
0 0 0 0 0 0 0 0 0 0 0 0 0 0 0 0
0 0 0 0 0 0 0 0 0 0 0 0 0 0 0 0
0 0 0 0 0 0 0 0 0 0 0 0 0 0 0 0
0 0 0 0 0 0 0 0 0 0 0 0 0 0 0 0
3241577094 75776576 67108864 4277780434 299728624 2326866722 3489590828 3959029742 4064767614 3894196270 4294950910 566093534 1811607286 10 4184353412 2601240438
1145102376 2313149894 3665026420 1543503796 2240349020 4285299350 2220885556 3756866294 3671345726 4160086014 3221219294 4294703102 850550554 270362664 269509824 4155988766
566497814 1474162428 2756444184 0 2186649130 4288675838 67665984 0 4277926878 16782340 2336678918 4227856254 1329635428 4258250238 1140998274 2444349876
67113600 2073567062 3073351654 150923976 5138 4159954918 2105344 4194816 1738505658 1145930306 904261992 0 3238373404 1336865710 1695219998 3988657340
2 0 0 3 1 0 2 3 1 2 3 1 2 0 0 0
0 2 3 3 2 3 0 2 3 3 3 3 1 0 0 3
2 1 0 0 0 3 0 0 2 0 2 3 3 0 2 3
0 3 2 2 0 3 0 0 0 2 3 0 2 3 2 3
0 0 0 0 0 0 0 0 0 0 0 0 0 0 0 0
0 0 0 0 0 0 0 0 0 0 0 0 0 0 0 0
0 0 0 0 0 0 0 0 0 0 0 0 0 0 0 0
0 0 0 0 0 0 0 0 0 0 0 0 0 0 0 0
0 0 0 0 0 0 0 0 0 0 0 0 0 0 0 0
0 0 0 0 0 0 0 0 0 0 0 0 0 0 0 0
0 0 0 0 0 0 0 0 0 0 0 0 0 0 0 0
0 0 0 0 0 0 0 0 0 0 0 0 0 0 0 0
0 0 0 0 0 0 0 0 0 0 0 0 0 0 0 0
0 0 0 0 0 0 0 0 0 0 0 0 0 0 0 0
0 0 0 0 0 0 0 0 0 0 0 0 0 0 0 0
0 0 0 0 0 0 0 0 0 0 0 0 0 0 0 0
1145045424 575816858 3157095090 0 3821806760 4294967294 2165319120 1280239054 4294835198 299042972 3739220982 725912640 4294967294 201886106 33554434 3152326524
1342834882 3578756860 1078251632 7340032 4026465630 4252827614 4023548906 4005515642 4290510846 4294922990 4026531836 2442668940 0 936730126 4294967034 268435456
218366086 3422650380 555221568 138502208 2155940114 4294967226 540541952 0 4294967294 2301309006 4293918718 3204446190 75501056 2962934150 764810492 4153924966
2566455160 3873174494 2145369598 3803725198 535939822 4294967294 4243505132 312545284 4290609134 0 2048 1735535420 1957712720 2812265406 2448416510 218229376
4232 20928 31543 0 30096 32767 4121 32475 32767 562 23023 2056 32767 23104 1184 15307
1030 30717 23172 5184 30719 29615 8818 31979 24317 22002 16367 3402 16896 13966 30719 0
32569 0 4361 8260 24658 32766 5184 16384 32767 17366 32767 28159 400 13334 26328 28669
7100 9722 32733 17202 13363 32767 21742 20760 32767 0 0 2171 1130 29662 15611 65
0 0 0 0 0 0 0 0 0 0 0 0 0 0 0 0
0 0 0 0 0 0 0 0 0 0 0 0 0 0 0 0
0 0 0 0 0 0 0 0 0 0 0 0 0 0 0 0
0 0 0 0 0 0 0 0 0 0 0 0 0 0 0 0
0 0 0 0 0 0 0 0 0 0 0 0 0 0 0 0
0 0 0 0 0 0 0 0 0 0 0 0 0 0 0 0
0 0 0 0 0 0 0 0 0 0 0 0 0 0 0 0
0 0 0 0 0 0 0 0 0 0 0 0 0 0 0 0
0 0 0 0 0 0 0 0 0 0 0 0 0 0 0 0
0 0 0 0 0 0 0 0 0 0 0 0 0 0 0 0
0 0 0 0 0 0 0 0 0 0 0 0 0 0 0 0
0 0 0 0 0 0 0 0 0 0 0 0 0 0 0 0
2348679086 1466090030 1527734142 4294967038 4245768 3418344874 1442740654 1200988682 41952352 2908253740 2286960644 583155786 34734080 33554434 67371240 8388612
536887300 1073741824 3273288132 1053184 3897186772 613772326 21278432 4294966782 2481962862 597308434 370896 3758093308 4294967294 1868270776 3740449492 4286578684
1607916192 1381392256 4160649214 307526506 1931026552 277086210 1398571560 507488386 2100528 3751274420 3795863554 0 3413866802 3086990262 4294967294 4273535414
549449324 4294967292 4294966708 4294967230 2197100578 4194304 3976199870 3615489918 4290247678 4227790826 33554432 1786024352 8388744 4289191646 2620820032 536873258
249755 87254 177531 262143 16384 64214 159192 181146 1289 227910 128 51526 0 0 18944 0
16448 32 78740 66 256786 139989 33177 262143 212975 49729 184916 211455 262143 49319 161165 262143
115894 141468 229374 49763 147887 4264 45219 45947 192 247295 1158 18176 105836 127999 260095 154488
229374 262143 255999 262079 29554 256 256503 129023 262015 259038 2 258211 3712 121842 1025 98340
0 0 0 0 0 0 0 0 0 0 0 0 0 0 0 0
0 0 0 0 0 0 0 0 0 0 0 0 0 0 0 0
0 0 0 0 0 0 0 0 0 0 0 0 0 0 0 0
0 0 0 0 0 0 0 0 0 0 0 0 0 0 0 0
0 0 0 0 0 0 0 0 0 0 0 0 0 0 0 0
0 0 0 0 0 0 0 0 0 0 0 0 0 0 0 0
0 0 0 0 0 0 0 0 0 0 0 0 0 0 0 0
0 0 0 0 0 0 0 0 0 0 0 0 0 0 0 0
0 0 0 0 0 0 0 0 0 0 0 0 0 0 0 0
0 0 0 0 0 0 0 0 0 0 0 0 0 0 0 0
0 0 0 0 0 0 0 0 0 0 0 0 0 0 0 0
0 0 0 0 0 0 0 0 0 0 0 0 0 0 0 0
64 0 5173210 16067706 13200700 7541936 0 1834628 1050624 8388632 2228484 3919810 16760830 262152 8256 13695198
16646142 16236542 1416 12520442 15450486 10490944 15657982 1051426 16760830 4189690 295936 16777214 6291456 544800 1024 0
685074 12568046 12708794 16760814 2048 1609786 82432 4160 10291436 14151546 8851506 10214758 16775902 16674810 7643926 591872
13666112 15007690 16769022 8388606 7494722 16722924 16244654 5742930 16432 2638088 11534330 6226096 14148350 869604 16769022 1097736
0 0 0 0 0 0 0 0 0 0 0 0 0 0 0 0
0 0 0 0 0 0 0 0 0 0 0 0 0 0 0 0
0 0 0 0 0 0 0 0 0 0 0 0 0 0 0 0
0 0 0 0 0 0 0 0 0 0 0 0 0 0 0 0
0 0 0 0 0 0 0 0 0 0 0 0 0 0 0 0
0 0 0 0 0 0 0 0 0 0 0 0 0 0 0 0
0 0 0 0 0 0 0 0 0 0 0 0 0 0 0 0
0 0 0 0 0 0 0 0 0 0 0 0 0 0 0 0
0 0 0 0 0 0 0 0 0 0 0 0 0 0 0 0
0 0 0 0 0 0 0 0 0 0 0 0 0 0 0 0
0 0 0 0 0 0 0 0 0 0 0 0 0 0 0 0
0 0 0 0 0 0 0 0 0 0 0 0 0 0 0 0
0 0 0 0 0 0 0 0 0 0 0 0 0 0 0 0
0 0 0 0 0 0 0 0 0 0 0 0 0 0 0 0
0 0 0 0 0 0 0 0 0 0 0 0 0 0 0 0
0 0 0 0 0 0 0 0 0 0 0 0 0 0 0 0
1250685092 2143803390 9968136 1337384670 0 2736020206 4294965230 1318914924 273163392 4278054654 1610590938 4185780992 2499935390 1850731390 2164785770 4261345276
1073741826 4163443456 0 2122035900 270794752 4292607348 4151930806 1074266160 2071258910 32896 2152202240 2637167194 4294967294 4184340730 4722704 4294967294
3666475970 117715340 4089200610 1225918720 956161722 4225400566 33554432 629229056 2847620768 3219390460 3077594486 3972246808 4111448398 1359890736 1073753348 268169854
2113861868 3607072606 2393432696 3456103422 4261400058 2185233440 71327750 1863742462 4294967294 545328384 4110114328 934214990 3785532184 4290706430 824182818 251444150
3 5 4 7 0 7 7 5 0 7 7 2 3 6 0 6
0 3 0 6 0 7 5 0 3 0 0 7 6 4 0 7
7 1 6 1 7 7 0 0 4 7 3 2 6 6 6 2
2 5 4 7 7 0 0 4 7 0 5 7 2 7 2 6
0 0 0 0 0 0 0 0 0 0 0 0 0 0 0 0
0 0 0 0 0 0 0 0 0 0 0 0 0 0 0 0
0 0 0 0 0 0 0 0 0 0 0 0 0 0 0 0
0 0 0 0 0 0 0 0 0 0 0 0 0 0 0 0
0 0 0 0 0 0 0 0 0 0 0 0 0 0 0 0
0 0 0 0 0 0 0 0 0 0 0 0 0 0 0 0
0 0 0 0 0 0 0 0 0 0 0 0 0 0 0 0
0 0 0 0 0 0 0 0 0 0 0 0 0 0 0 0
0 0 0 0 0 0 0 0 0 0 0 0 0 0 0 0
0 0 0 0 0 0 0 0 0 0 0 0 0 0 0 0
0 0 0 0 0 0 0 0 0 0 0 0 0 0 0 0
0 0 0 0 0 0 0 0 0 0 0 0 0 0 0 0
539803744 4259266494 2392888 4294967294 1074270314 1171448486 4294967294 36 3190573094 2192937240 3468656566 1678265696 3959422974 3212828668 37072504 1923096186
2106842878 730431412 4026496638 3218071550 1143085280 2950622638 3867148218 45351680 5507200 178258688 4158570364 3753864692 4227849086 2809773038 2649231396 572539706
1580186358 4121952246 2533359058 1080038530 216080384 1724774364 3288735752 935188280 3955163134 901701622 75497792 3160723300 0 3506760788 4294967294 2420113408
3187670902 148508976 4294438846 2189951236 3019962468 3112697904 2987327488 3892049302 1792802534 1260925422 143069250 4252299262 268362376 4294885374 1245446152 1987232958
608 114534 23042 262143 514 195766 262143 1025 239861 196691 212863 166004 260047 262143 3879 67952
246971 239754 196573 262143 159579 240895 241659 693 1152 100880 262106 253951 262143 218565 50272 139373
229874 258876 239964 16400 117760 159103 21633 48638 258047 122365 140930 185591 0 83974 262143 32
252861 253051 260095 2048 228489 131491 197130 245755 260071 79016 131089 62239 211319 245695 15362 260824
0 0 0 0 0 0 0 0 0 0 0 0 0 0 0 0
0 0 0 0 0 0 0 0 0 0 0 0 0 0 0 0
0 0 0 0 0 0 0 0 0 0 0 0 0 0 0 0
0 0 0 0 0 0 0 0 0 0 0 0 0 0 0 0
0 0 0 0 0 0 0 0 0 0 0 0 0 0 0 0
0 0 0 0 0 0 0 0 0 0 0 0 0 0 0 0
0 0 0 0 0 0 0 0 0 0 0 0 0 0 0 0
0 0 0 0 0 0 0 0 0 0 0 0 0 0 0 0
0 0 0 0 0 0 0 0 0 0 0 0 0 0 0 0
0 0 0 0 0 0 0 0 0 0 0 0 0 0 0 0
0 0 0 0 0 0 0 0 0 0 0 0 0 0 0 0
0 0 0 0 0 0 0 0 0 0 0 0 0 0 0 0
4292591550 3741319166 4156538846 8196 4293386078 4294934494 2182677760 16777248 408683328 4134509118 646069530 4294967294 3107186570 3044822822 2298479618 4294966270
692372548 2219442184 10486784 3981303254 2702185222 2750006434 3741018940 1561891880 2101337842 0 3127575392 1342210306 4261410814 122425412 2018348108 146827844
419366456 84952088 51249152 274727056 1048576 4294049790 2794797096 85470214 535805870 1581926366 2101520 4294672374 133120 4294967102 5242880 1469441812
4294967294 4294967294 3758059518 4288017142 76623898 3212573150 4227858174 2156138776 1080037920 1131978078 2361918596 4294967294 1074823456 2147652616 4243580918 4009721830
2046 1535 2037 401 2030 2047 64 1024 70 1019 1430 2047 843 1802 180 2047
1042 164 512 2025 288 2005 1561 513 2011 0 1882 256 2046 1569 1261 1480
1824 41 8 0 0 2031 792 836 2044 1311 417 2047 16 511 128 911
2047 1791 2046 1780 832 1783 1723 38 328 248 1198 1983 8 0 2019 1917
0 0 0 0 0 0 0 0 0 0 0 0 0 0 0 0
0 0 0 0 0 0 0 0 0 0 0 0 0 0 0 0
0 0 0 0 0 0 0 0 0 0 0 0 0 0 0 0
0 0 0 0 0 0 0 0 0 0 0 0 0 0 0 0
0 0 0 0 0 0 0 0 0 0 0 0 0 0 0 0
0 0 0 0 0 0 0 0 0 0 0 0 0 0 0 0
0 0 0 0 0 0 0 0 0 0 0 0 0 0 0 0
0 0 0 0 0 0 0 0 0 0 0 0 0 0 0 0
0 0 0 0 0 0 0 0 0 0 0 0 0 0 0 0
0 0 0 0 0 0 0 0 0 0 0 0 0 0 0 0
0 0 0 0 0 0 0 0 0 0 0 0 0 0 0 0
0 0 0 0 0 0 0 0 0 0 0 0 0 0 0 0
2973795420 544244188 3487422750 4294967294 4294967294 2165842564 444420 402788618 4170161226 4273979382 3220099054 2042477052 8429798 327686 541656128 1610637304
3758063550 0 2616654558 512 163468552 4227850238 3212834814 2697533746 2279337434 2147483646 3186621310 3715294200 3758096382 67108864 22067010 88158752
541360136 3951677626 351115646 3577180990 3336432396 4022304766 32768 2291675174 1682964480 519712310 4290772990 2669723680 2893418352 16777220 1040183230 4171704060
1585031386 2439426238 1564094080 212110212 543293952 4294967294 101196036 3757960958 2172360222 4261113334 4294901758 144974210 3489769762 3420519406 589513184 659144476
1072 195 2046 2047 2047 1027 256 2 651 2039 1209 1788 337 0 1067 588
2047 32 2047 0 617 2047 763 516 1462 2047 893 1243 1531 257 315 16
16 1179 1790 1487 1897 747 0 576 66 805 2047 132 1727 64 1399 1292
382 1405 1004 141 1409 2015 0 1996 1204 1503 990 356 1894 1516 914 1367
0 0 0 0 0 0 0 0 0 0 0 0 0 0 0 0
0 0 0 0 0 0 0 0 0 0 0 0 0 0 0 0
0 0 0 0 0 0 0 0 0 0 0 0 0 0 0 0
0 0 0 0 0 0 0 0 0 0 0 0 0 0 0 0
0 0 0 0 0 0 0 0 0 0 0 0 0 0 0 0
0 0 0 0 0 0 0 0 0 0 0 0 0 0 0 0
0 0 0 0 0 0 0 0 0 0 0 0 0 0 0 0
0 0 0 0 0 0 0 0 0 0 0 0 0 0 0 0
0 0 0 0 0 0 0 0 0 0 0 0 0 0 0 0
0 0 0 0 0 0 0 0 0 0 0 0 0 0 0 0
0 0 0 0 0 0 0 0 0 0 0 0 0 0 0 0
0 0 0 0 0 0 0 0 0 0 0 0 0 0 0 0
288 70306 16514 103714 756 474100 522744 84998 4 32768 2 524158 512 360472 103854 65642
467984 524286 270384 1024 0 524286 240638 507354 435736 454634 190636 36992 128 491262 395298 16648
507898 50014 32800 34816 43042 333312 524286 390106 16928 53344 82154 524254 229378 144 524020 325758
206502 395650 286992 318562 306496 379214 522270 515836 196392 64 524286 297104 0 2080 33420 4176
0 0 0 0 0 0 0 0 0 0 0 0 0 0 0 0
0 0 0 0 0 0 0 0 0 0 0 0 0 0 0 0
0 0 0 0 0 0 0 0 0 0 0 0 0 0 0 0
0 0 0 0 0 0 0 0 0 0 0 0 0 0 0 0
0 0 0 0 0 0 0 0 0 0 0 0 0 0 0 0
0 0 0 0 0 0 0 0 0 0 0 0 0 0 0 0
0 0 0 0 0 0 0 0 0 0 0 0 0 0 0 0
0 0 0 0 0 0 0 0 0 0 0 0 0 0 0 0
0 0 0 0 0 0 0 0 0 0 0 0 0 0 0 0
0 0 0 0 0 0 0 0 0 0 0 0 0 0 0 0
0 0 0 0 0 0 0 0 0 0 0 0 0 0 0 0
0 0 0 0 0 0 0 0 0 0 0 0 0 0 0 0
0 0 0 0 0 0 0 0 0 0 0 0 0 0 0 0
0 0 0 0 0 0 0 0 0 0 0 0 0 0 0 0
0 0 0 0 0 0 0 0 0 0 0 0 0 0 0 0
0 0 0 0 0 0 0 0 0 0 0 0 0 0 0 0
2873062614 656669488 2198192820 4252999550 2147483614 135168 2816684006 2732460010 4294966782 8912896 1049090 3757965206 66560 720916 2155872770 4294424414
740127508 138674196 3055079972 4051614044 2146259694 393743530 2296624022 805306368 3685050364 2568908108 3221221348 2147483646 4292835068 2490374 1074349984 1339831308
4261402598 2599309050 0 2314490608 3053311866 3219896910 1091862978 3538657212 719206126 2247078476 539213856 54543130 21111204 321025260 4294967278 335561216
1903757052 159416480 285213696 848947132 4294967294 276653064 3959356414 3798984266 2944731136 1325399930 2989395832 2847357408 4294967294 3174470976 13309952 374122752
6 7 4 13 5 0 6 2 15 0 4 13 0 0 8 9
12 1 3 4 7 8 8 0 7 15 14 15 12 0 6 0
14 8 0 0 9 15 14 15 7 6 8 10 8 11 15 0
4 2 0 13 15 10 13 8 2 12 7 9 11 9 5 8
0 0 0 0 0 0 0 0 0 0 0 0 0 0 0 0
0 0 0 0 0 0 0 0 0 0 0 0 0 0 0 0
0 0 0 0 0 0 0 0 0 0 0 0 0 0 0 0
0 0 0 0 0 0 0 0 0 0 0 0 0 0 0 0
0 0 0 0 0 0 0 0 0 0 0 0 0 0 0 0
0 0 0 0 0 0 0 0 0 0 0 0 0 0 0 0
0 0 0 0 0 0 0 0 0 0 0 0 0 0 0 0
0 0 0 0 0 0 0 0 0 0 0 0 0 0 0 0
0 0 0 0 0 0 0 0 0 0 0 0 0 0 0 0
0 0 0 0 0 0 0 0 0 0 0 0 0 0 0 0
0 0 0 0 0 0 0 0 0 0 0 0 0 0 0 0
0 0 0 0 0 0 0 0 0 0 0 0 0 0 0 0
672153864 4096 4210023414 2415882618 4293787646 4294967294 34382472 2692886580 307367952 2147521346 3001018238 2127298488 3656908758 1579677454 2683889396 89202810
136323616 4180114630 16 8651264 4151045850 2101380 4294959102 4133485310 4294967294 1915010392 3407938160 268724224 685933672 4292869084 2849996206 4294967286
3121705992 3523149776 3109879254 4294631358 3219511590 1174446848 3447029364 4020231094 36009882 810160168 2142441048 650392904 2267092008 1083310464 2410241510 3344714194
1363606396 542247184 327680 4294967294 4091342316 386441280 2253266116 285212944 236995104 2600754838 33587200 3758079998 1262883864 3705303986 3487563646 4850428
8 65860 1013727 187254 1048567 1048575 611364 393472 533504 861175 153397 778400 245361 875647 228862 155904
294920 484210 69792 16384 146515 9216 1046527 1048047 1048575 777198 786500 66882 9474 1046011 763574 1015775
1016896 702303 784879 1048575 972254 393218 387966 1048063 943916 163849 437628 584528 540672 529574 982221 798005
184737 557056 0 1048575 1046526 263168 4160 295168 107011 872009 1029 1048062 528904 495851 351550 18577
0 0 0 0 0 0 0 0 0 0 0 0 0 0 0 0
0 0 0 0 0 0 0 0 0 0 0 0 0 0 0 0
0 0 0 0 0 0 0 0 0 0 0 0 0 0 0 0
0 0 0 0 0 0 0 0 0 0 0 0 0 0 0 0
0 0 0 0 0 0 0 0 0 0 0 0 0 0 0 0
0 0 0 0 0 0 0 0 0 0 0 0 0 0 0 0
0 0 0 0 0 0 0 0 0 0 0 0 0 0 0 0
0 0 0 0 0 0 0 0 0 0 0 0 0 0 0 0
0 0 0 0 0 0 0 0 0 0 0 0 0 0 0 0
0 0 0 0 0 0 0 0 0 0 0 0 0 0 0 0
0 0 0 0 0 0 0 0 0 0 0 0 0 0 0 0
0 0 0 0 0 0 0 0 0 0 0 0 0 0 0 0
800 541097984 822609936 92344914 4292738942 0 56320658 1589248 545603602 4294967294 203170882 4291944000 530942940 2013227516 4148076006 4294967294
4294967294 268501056 673205742 1159901190 2513404862 2061829818 449053218 2155352584 4171462010 2260996 3386957378 0 1061952374 3437487800 2883362820 809863210
4294967150 2684878930 3421728488 21233664 3620759046 4294426622 2147493952 4244487162 3145552762 2146914236 4288018838 919552 4268764238 4227841790 3684318990 1622748494
1756367412 2701276204 3221225470 1861443506 2029436638 1295392 2147483134 2741376994 2699465308 3303904866 2937259794 176627716 3455579454 4126137726 16794128 1687949612
16 2 1 16 31 0 0 8 13 31 16 0 18 25 15 31
31 0 20 1 23 24 19 16 31 0 3 0 29 30 8 19
31 20 0 0 16 31 0 28 29 31 10 1 31 31 26 13
2 8 31 26 2 0 31 13 13 24 3 0 23 23 0 20
0 0 0 0 0 0 0 0 0 0 0 0 0 0 0 0
0 0 0 0 0 0 0 0 0 0 0 0 0 0 0 0
0 0 0 0 0 0 0 0 0 0 0 0 0 0 0 0
0 0 0 0 0 0 0 0 0 0 0 0 0 0 0 0
0 0 0 0 0 0 0 0 0 0 0 0 0 0 0 0
0 0 0 0 0 0 0 0 0 0 0 0 0 0 0 0
0 0 0 0 0 0 0 0 0 0 0 0 0 0 0 0
0 0 0 0 0 0 0 0 0 0 0 0 0 0 0 0
0 0 0 0 0 0 0 0 0 0 0 0 0 0 0 0
0 0 0 0 0 0 0 0 0 0 0 0 0 0 0 0
0 0 0 0 0 0 0 0 0 0 0 0 0 0 0 0
0 0 0 0 0 0 0 0 0 0 0 0 0 0 0 0
144729602 3992967162 4294967286 2793407702 3825904454 539000840 4278190078 0 4294967294 0 807326016 4023777654 4284430830 4248829914 3889547878 2449523994
2846629814 1108532564 17301504 2147492002 4292605438 3944716816 1766693058 336068610 310303166 4294950846 4066738112 3178291050 2146956286 3720347646 4290669438 3962294964
1447016436 3243694554 1821187614 2648192112 1544675304 2147483648 0 4288135136 3679032044 2893872830 1287733376 1141925184 275613728 2449474568 3082794192 3766500876
794749218 144057138 3087943794 1344291216 3319955508 1958642944 4277878714 574619648 3180021426 4294925046 4292865462 1048576 2697078288 4283432926 606476544 1064960
0 1 1 0 1 1 1 0 1 0 0 1 1 0 0 0
1 1 0 0 1 1 0 0 0 1 1 1 1 1 1 1
1 0 0 0 0 0 0 0 1 0 0 1 0 1 0 0
1 0 1 0 1 1 1 0 0 1 0 0 0 1 1 0
0 0 0 0 0 0 0 0 0 0 0 0 0 0 0 0
0 0 0 0 0 0 0 0 0 0 0 0 0 0 0 0
0 0 0 0 0 0 0 0 0 0 0 0 0 0 0 0
0 0 0 0 0 0 0 0 0 0 0 0 0 0 0 0
0 0 0 0 0 0 0 0 0 0 0 0 0 0 0 0
0 0 0 0 0 0 0 0 0 0 0 0 0 0 0 0
0 0 0 0 0 0 0 0 0 0 0 0 0 0 0 0
0 0 0 0 0 0 0 0 0 0 0 0 0 0 0 0
0 0 0 0 0 0 0 0 0 0 0 0 0 0 0 0
0 0 0 0 0 0 0 0 0 0 0 0 0 0 0 0
0 0 0 0 0 0 0 0 0 0 0 0 0 0 0 0
0 0 0 0 0 0 0 0 0 0 0 0 0 0 0 0
3422485662 891399972 1610681352 2426912 1493727680 2560 26011110 1088 301988478 3268672116 268697600 2954002436 2177127040 5521664 3792846154 3807223750
1911944446 4294827518 4278138866 4227791802 3623873014 3194879886 2344400132 1450349966 4294967294 4294966782 1835794118 3475765140 650250400 67108864 2027691870 4294967294
1599063918 11976736 2155875080 3966324336 32 265121846 2215071506 4289421180 3220946414 3739154430 3033942086 4294967262 4293918718 2326075684 4293914606 859619690
2368 8208 897040 2705063742 3892314106 3274851620 4061885870 3687972440 1549845382 3455508710 2206367746 1151311642 3637807160 3763009720 4018126846 630043966
0 0 0 0 0 0 0 0 0 0 0 0 0 0 0 0
0 0 0 0 0 0 0 0 0 0 0 0 0 0 0 0
0 0 0 0 0 0 0 0 0 0 0 0 0 0 0 0
0 0 0 0 0 0 0 0 0 0 0 0 0 0 0 0
0 0 0 0 0 0 0 0 0 0 0 0 0 0 0 0
0 0 0 0 0 0 0 0 0 0 0 0 0 0 0 0
0 0 0 0 0 0 0 0 0 0 0 0 0 0 0 0
0 0 0 0 0 0 0 0 0 0 0 0 0 0 0 0
0 0 0 0 0 0 0 0 0 0 0 0 0 0 0 0
0 0 0 0 0 0 0 0 0 0 0 0 0 0 0 0
0 0 0 0 0 0 0 0 0 0 0 0 0 0 0 0
0 0 0 0 0 0 0 0 0 0 0 0 0 0 0 0
0 0 0 0 0 0 0 0 0 0 0 0 0 0 0 0
0 0 0 0 0 0 0 0 0 0 0 0 0 0 0 0
0 0 0 0 0 0 0 0 0 0 0 0 0 0 0 0
0 0 0 0 0 0 0 0 0 0 0 0 0 0 0 0
2147484676 67110912 2311179208 2361376 4292870142 3804677758 3816785956 2499391228 3734445882 33032 1208221760 0 3755425780 4158648318 4143444982 8917120
1583089684 1477443584 562823168 384 4253024254 1039855474 738197760 2952255486 1048576 1913683988 2157068320 2040485486 4269768446 355346660 3728539092 3221266442
3937645770 3754767554 304218116 2146432958 805437824 3186604424 4277776 2418923522 131072 1284777486 3547185944 67108868 2659897228 1207976082 4294950910 1175474304
4290772970 1096672870 404881410 41943040 4294967262 3125767434 67895680 64 4094433556 4294967294 0 3136253820 1893412844 3204021998 1048596 2170665106
0 0 5 0 15 7 9 13 13 0 12 0 15 15 13 10
4 9 0 0 15 7 0 11 1 14 8 0 11 2 9 9
4 12 4 15 0 0 4 0 0 1 6 0 1 14 15 12
13 4 0 0 7 0 0 0 2 15 0 7 10 15 2 11
0 0 0 0 0 0 0 0 0 0 0 0 0 0 0 0
0 0 0 0 0 0 0 0 0 0 0 0 0 0 0 0
0 0 0 0 0 0 0 0 0 0 0 0 0 0 0 0
0 0 0 0 0 0 0 0 0 0 0 0 0 0 0 0
0 0 0 0 0 0 0 0 0 0 0 0 0 0 0 0
0 0 0 0 0 0 0 0 0 0 0 0 0 0 0 0
0 0 0 0 0 0 0 0 0 0 0 0 0 0 0 0
0 0 0 0 0 0 0 0 0 0 0 0 0 0 0 0
0 0 0 0 0 0 0 0 0 0 0 0 0 0 0 0
0 0 0 0 0 0 0 0 0 0 0 0 0 0 0 0
0 0 0 0 0 0 0 0 0 0 0 0 0 0 0 0
0 0 0 0 0 0 0 0 0 0 0 0 0 0 0 0
287327744 4293869310 4294967166 3980193534 4294967294 4283953724 4256923386 3959459972 8933600 4026465516 45093504 4294966206 2147483646 268959776 1300322008 4285527998
436524202 783233376 3992747770 2214626580 2147516978 2083033344 1745884874 1907873772 1214119948 247463166 1074806912 536871058 3221224382 604504118 2139084876 556180098
2450539268 4294967294 0 1700855872 4293387262 1842333810 1580187614 3946812458 4286512126 0 42467468 8650752 0 2282094848 22387978 2147401720
4294967162 524324 4226322188 1236873214 33554688 1706531136 4294967294 0 3976159194 2194616970 1229009018 270336 536871056 0 3116560750 4294705108
8 3579 8155 7095 8191 8058 3069 2495 128 8088 1617 5118 8191 4648 6640 6126
1506 2886 7460 576 48 6410 7777 7683 4168 6838 0 64 8159 4141 7583 2433
322 8191 0 72 8191 5804 8127 5872 3775 40 1568 1056 0 1540 7537 7419
8047 3344 991 6110 128 6508 8191 128 5737 3908 3600 0 4096 0 2020 8147
0 0 0 0 0 0 0 0 0 0 0 0 0 0 0 0
0 0 0 0 0 0 0 0 0 0 0 0 0 0 0 0
0 0 0 0 0 0 0 0 0 0 0 0 0 0 0 0
0 0 0 0 0 0 0 0 0 0 0 0 0 0 0 0
0 0 0 0 0 0 0 0 0 0 0 0 0 0 0 0
0 0 0 0 0 0 0 0 0 0 0 0 0 0 0 0
0 0 0 0 0 0 0 0 0 0 0 0 0 0 0 0
0 0 0 0 0 0 0 0 0 0 0 0 0 0 0 0
0 0 0 0 0 0 0 0 0 0 0 0 0 0 0 0
0 0 0 0 0 0 0 0 0 0 0 0 0 0 0 0
0 0 0 0 0 0 0 0 0 0 0 0 0 0 0 0
0 0 0 0 0 0 0 0 0 0 0 0 0 0 0 0
18874368 256 2147617314 811914256 537415844 2062974716 2369583086 1859645278 101187664 270008458 4160749566 3154116606 786704 486250148 346620328 4283797496
2156994560 4026531038 411314176 3425203216 353415424 3195936728 3113935738 3067163662 1090650624 186682680 2705347748 646070548 2969627118 2394900254 1591213984 484533568
57819680 1879048190 3934075116 4259314546 3758229170 2794220418 238109424 4189974250 2336494082 2237411424 2587549952 268437536 4194575426 2206125062 1107361792 4218747830
673920 4294832126 0 67584 604069892 874545152 73455104 298320164 1672 1629529216 3672620760 35668224 2076223760 3758094334 4294967294 1073742212
0 1052672 133410 932032 131590 1769439 1572573 2013155 524496 1627536 2091007 2097151 8336 397832 82305 1227759
531888 2076607 544 139280 2044220 1817307 1930871 301518 16 1052752 1160033 574144 2064118 1165051 1971647 12
329225 786431 1473187 2092985 942661 1160601 1572900 457709 1082051 1714041 794632 0 233171 661706 96 646910
262152 2080759 0 0 163848 0 565697 1196170 32770 2676 620762 67584 661855 2064123 2097151 1179648
0 0 0 0 0 0 0 0 0 0 0 0 0 0 0 0
0 0 0 0 0 0 0 0 0 0 0 0 0 0 0 0
0 0 0 0 0 0 0 0 0 0 0 0 0 0 0 0
0 0 0 0 0 0 0 0 0 0 0 0 0 0 0 0
0 0 0 0 0 0 0 0 0 0 0 0 0 0 0 0
0 0 0 0 0 0 0 0 0 0 0 0 0 0 0 0
0 0 0 0 0 0 0 0 0 0 0 0 0 0 0 0
0 0 0 0 0 0 0 0 0 0 0 0 0 0 0 0
0 0 0 0 0 0 0 0 0 0 0 0 0 0 0 0
0 0 0 0 0 0 0 0 0 0 0 0 0 0 0 0
0 0 0 0 0 0 0 0 0 0 0 0 0 0 0 0
0 0 0 0 0 0 0 0 0 0 0 0 0 0 0 0
2748469132 4294967294 2181562512 10 3488853210 2071461882 1579669370 0 2317932804 122382464 4294957054 3455974622 3757572094 143261698 2879930400 1146132106
3605339628 657538 14289056 2796962246 1858112520 33024 3932782174 4261412862 318767730 4201533974 67108864 4294967038 2147200290 1508712822 2242704366 3166684150
2033766414 526519300 3086679030 3151904708 4259281406 3959311952 2148270080 1436841088 71439984 59064928 1207971082 67125248 2857381970 1842693306 1194029748 4196484
469598110 2923702402 3057432512 3970203690 2155954212 155783248 46554494 4257972094 4290772862 4294967166 4521984 3730145770 3219651870 1359724508 1421877386 4294894958
1434 4095 9 0 4060 3575 3949 0 1142 3639 4091 3583 2899 128 896 2441
2157 256 1539 85 672 0 3819 4091 696 2873 0 3015 3903 3080 339 3806
2641 917 2536 3965 1492 1785 33 250 2857 152 22 4 3590 39 1075 68
3997 596 3407 99 3 2616 2403 3583 4095 3837 72 4088 1941 2940 0 4063
0 0 0 0 0 0 0 0 0 0 0 0 0 0 0 0
0 0 0 0 0 0 0 0 0 0 0 0 0 0 0 0
0 0 0 0 0 0 0 0 0 0 0 0 0 0 0 0
0 0 0 0 0 0 0 0 0 0 0 0 0 0 0 0
0 0 0 0 0 0 0 0 0 0 0 0 0 0 0 0
0 0 0 0 0 0 0 0 0 0 0 0 0 0 0 0
0 0 0 0 0 0 0 0 0 0 0 0 0 0 0 0
0 0 0 0 0 0 0 0 0 0 0 0 0 0 0 0
0 0 0 0 0 0 0 0 0 0 0 0 0 0 0 0
0 0 0 0 0 0 0 0 0 0 0 0 0 0 0 0
0 0 0 0 0 0 0 0 0 0 0 0 0 0 0 0
0 0 0 0 0 0 0 0 0 0 0 0 0 0 0 0
607257608 4227836382 40122042 1885129262 4272942394 2915040734 151015424 4219676698 4294901758 2013249526 138416256 4004417020 2147664406 1048576 33620224 1656470998
925416778 4001316794 270336 4313088 3132043188 22511890 3012480024 2181185536 1103642694 3238274482 1742634492 4294966558 69206288 771805444 794004630 2296424514
4294967270 4091017358 591560720 883017730 4286578686 4292585268 16 4277661558 2734695220 1799252986 68301064 1048576 2854599654 1906838090 5152 4544
4294967294 4294899614 4294967294 3886870158 1174447112 100696616 536870912 1169730302 4257819486 38257738 3891776502 2740726334 4157079514 3876286426 3307504674 1996421054
0 1 0 0 0 1 1 0 1 1 0 0 0 0 0 1
0 1 0 0 1 0 0 0 0 1 1 1 0 0 1 0
1 1 1 0 1 1 0 1 0 0 0 1 1 0 0 0
1 1 1 1 0 0 0 1 0 0 1 1 0 1 0 0
0 0 0 0 0 0 0 0 0 0 0 0 0 0 0 0
0 0 0 0 0 0 0 0 0 0 0 0 0 0 0 0
0 0 0 0 0 0 0 0 0 0 0 0 0 0 0 0
0 0 0 0 0 0 0 0 0 0 0 0 0 0 0 0
0 0 0 0 0 0 0 0 0 0 0 0 0 0 0 0
0 0 0 0 0 0 0 0 0 0 0 0 0 0 0 0
0 0 0 0 0 0 0 0 0 0 0 0 0 0 0 0
0 0 0 0 0 0 0 0 0 0 0 0 0 0 0 0
0 0 0 0 0 0 0 0 0 0 0 0 0 0 0 0
0 0 0 0 0 0 0 0 0 0 0 0 0 0 0 0
0 0 0 0 0 0 0 0 0 0 0 0 0 0 0 0
0 0 0 0 0 0 0 0 0 0 0 0 0 0 0 0
62912250 65536 117439486 15976446 91566306 7912550 33630432 65534714 38340882 91357658 33562626 103542446 0 54673664 129497918 88039356
2887944 112778202 31244652 125566886 125848182 53719148 133677054 20972992 40949724 1083056 4212884 0 134217726 63885816 134217726 134084676
125827070 384 67373588 1048704 344068 52360436 134203390 114383884 117979164 132904942 108116424 80729438 134215678 22017260 9462784 1050176
33832962 108998644 106925766 133955582 2 0 116322238 124477418 112459758 4 42951154 0 4195092 100613630 5792134 134198918
0 0 0 0 0 0 0 0 0 0 0 0 0 0 0 0
0 0 0 0 0 0 0 0 0 0 0 0 0 0 0 0
0 0 0 0 0 0 0 0 0 0 0 0 0 0 0 0
0 0 0 0 0 0 0 0 0 0 0 0 0 0 0 0
0 0 0 0 0 0 0 0 0 0 0 0 0 0 0 0
0 0 0 0 0 0 0 0 0 0 0 0 0 0 0 0
0 0 0 0 0 0 0 0 0 0 0 0 0 0 0 0
0 0 0 0 0 0 0 0 0 0 0 0 0 0 0 0
0 0 0 0 0 0 0 0 0 0 0 0 0 0 0 0
0 0 0 0 0 0 0 0 0 0 0 0 0 0 0 0
0 0 0 0 0 0 0 0 0 0 0 0 0 0 0 0
0 0 0 0 0 0 0 0 0 0 0 0 0 0 0 0
0 0 0 0 0 0 0 0 0 0 0 0 0 0 0 0
0 0 0 0 0 0 0 0 0 0 0 0 0 0 0 0
0 0 0 0 0 0 0 0 0 0 0 0 0 0 0 0
0 0 0 0 0 0 0 0 0 0 0 0 0 0 0 0
0 2496898 3932158 2097118 2620414 4193726 976454 4094830 1641562 1292326 2112 1946796 3899390 278624 3948510 4194302
4194302 3997650 4186102 2164832 1472436 1684854 1048640 3666942 3144668 1835654 165930 0 4161532 206848 1450756 131088
4194302 131330 4096 3742710 2097280 3418134 2672958 4610 270468 131072 3135486 4194302 3080054 1538 4161534 4048880
1623782 1764348 363956 1052688 1570734 4194268 4173646 3162314 3145730 1310590 3668010 4093950 4193790 58504 4173822 1066580
0 0 0 0 0 0 0 0 0 0 0 0 0 0 0 0
0 0 0 0 0 0 0 0 0 0 0 0 0 0 0 0
0 0 0 0 0 0 0 0 0 0 0 0 0 0 0 0
0 0 0 0 0 0 0 0 0 0 0 0 0 0 0 0
0 0 0 0 0 0 0 0 0 0 0 0 0 0 0 0
0 0 0 0 0 0 0 0 0 0 0 0 0 0 0 0
0 0 0 0 0 0 0 0 0 0 0 0 0 0 0 0
0 0 0 0 0 0 0 0 0 0 0 0 0 0 0 0
0 0 0 0 0 0 0 0 0 0 0 0 0 0 0 0
0 0 0 0 0 0 0 0 0 0 0 0 0 0 0 0
0 0 0 0 0 0 0 0 0 0 0 0 0 0 0 0
0 0 0 0 0 0 0 0 0 0 0 0 0 0 0 0
0 0 0 0 0 0 0 0 0 0 0 0 0 0 0 0
0 0 0 0 0 0 0 0 0 0 0 0 0 0 0 0
0 0 0 0 0 0 0 0 0 0 0 0 0 0 0 0
0 0 0 0 0 0 0 0 0 0 0 0 0 0 0 0
20971776 4110417270 36782090 862381858 3963343556 2292188290 2679461212 32768 2048 67371136 228985494 3238068738 3221225470 2047442006 4294967294 3891985592
75531520 4294966746 4294967294 67108864 181303724 805320708 536871040 3523239130 3757045692 4269801470 488637512 70360406 1433475692 538968608 0 2080288086
4294967278 491061408 4261281530 33561136 1324691900 557130 2650762142 4022202366 0 3179271518 4272875966 3596189336 2105482 4286431102 276312070 3049093628
67108992 1039974300 4026461690 2269123248 4294376366 807739554 8232 262528 4278190076 3469828944 2303688682 3221094368 1726777496 16386 102760832 4294967278
16 1149 0 1578 1421 12 1507 0 8 0 1875 256 2047 312 2047 1393
1168 1789 2047 256 1547 128 4 8 2039 1399 1676 838 1045 0 0 2038
2047 145 2039 560 1749 1052 1771 2047 0 1779 1975 1203 1282 2015 256 767
0 684 2037 1869 2039 34 65 260 1663 133 1393 1791 1913 0 134 2043
0 0 0 0 0 0 0 0 0 0 0 0 0 0 0 0
0 0 0 0 0 0 0 0 0 0 0 0 0 0 0 0
0 0 0 0 0 0 0 0 0 0 0 0 0 0 0 0
0 0 0 0 0 0 0 0 0 0 0 0 0 0 0 0
0 0 0 0 0 0 0 0 0 0 0 0 0 0 0 0
0 0 0 0 0 0 0 0 0 0 0 0 0 0 0 0
0 0 0 0 0 0 0 0 0 0 0 0 0 0 0 0
0 0 0 0 0 0 0 0 0 0 0 0 0 0 0 0
0 0 0 0 0 0 0 0 0 0 0 0 0 0 0 0
0 0 0 0 0 0 0 0 0 0 0 0 0 0 0 0
0 0 0 0 0 0 0 0 0 0 0 0 0 0 0 0
0 0 0 0 0 0 0 0 0 0 0 0 0 0 0 0
4080476102 4294966238 808195138 11264 2963998744 135924360 2452468614 2608856798 4250120722 4294565886 4292837374 2986605656 2541581778 1747059716 10486282 3673388912
4227072 4294967294 4278189554 2005587416 4294959038 4165990138 1222630838 49280 4223532954 3757703150 3026170388 598276132 4294967246 16384 3221094398 354430984
2279454892 4294967294 1435197104 4072631784 4054321312 270532608 596892140 3393179110 3072 2701660448 502458354 1024863524 3639601790 1298782942 4294967230 2
4294967278 1025953790 4286578686 2223664896 4260855486 910164104 268436608 2381263218 29384858 4079676324 2294283002 4294967294 4293844990 37748736 1073825346 505917730
3469 16319 4621 4128 8256 512 2603 16367 13923 16374 15871 6216 16253 524 0 7031
32 16383 9855 16048 8191 9841 10093 2148 15103 16383 6017 10547 16381 32 16383 1070
15605 16383 15739 6744 12422 1028 4857 10866 4096 1408 12285 14624 13279 8616 16383 2048
16367 11748 16383 2304 16175 1026 1090 6691 11 3098 7798 16109 16382 1536 8872 13837
0 0 0 0 0 0 0 0 0 0 0 0 0 0 0 0
0 0 0 0 0 0 0 0 0 0 0 0 0 0 0 0
0 0 0 0 0 0 0 0 0 0 0 0 0 0 0 0
0 0 0 0 0 0 0 0 0 0 0 0 0 0 0 0
0 0 0 0 0 0 0 0 0 0 0 0 0 0 0 0
0 0 0 0 0 0 0 0 0 0 0 0 0 0 0 0
0 0 0 0 0 0 0 0 0 0 0 0 0 0 0 0
0 0 0 0 0 0 0 0 0 0 0 0 0 0 0 0
0 0 0 0 0 0 0 0 0 0 0 0 0 0 0 0
0 0 0 0 0 0 0 0 0 0 0 0 0 0 0 0
0 0 0 0 0 0 0 0 0 0 0 0 0 0 0 0
0 0 0 0 0 0 0 0 0 0 0 0 0 0 0 0
2151811072 1232077220 630210700 331136372 961358122 134218156 0 353395080 536870912 3119473276 2147582080 4226361132 3066361854 1660549510 4294949886 2146697102
3249373252 2952691320 2218214616 4201230590 8463516 306710560 4294897660 8 436207616 3749445630 4294967294 775400946 4294967294 0 4293914622 17500226
805712640 4022337500 3333107574 4108236722 0 3221220574 4294967294 289297952 2273324560 4294967294 1039331262 291138828 3672768 3644501182 1621011450 4294967294
1597442 3104344088 4292870014 3319388030 4098 13328 1171283966 4278189558 1299541842 1233797354 3717835486 4278190078 1074164112 4294959098 4286570494 3762388424
512 3834 1549 15050 12409 2337 0 11426 0 6076 4226 14206 12173 1503 16383 15871
12 16335 3336 2865 6306 4128 16383 20 1 15103 16383 15772 16383 0 16375 540
1070 15871 15677 14087 16 12095 16374 166 278 16383 8126 644 2213 487 7484 16383
48 1616 11263 975 328 12912 13051 16329 4916 4992 16374 16343 8576 16383 16367 5570
0 0 0 0 0 0 0 0 0 0 0 0 0 0 0 0
0 0 0 0 0 0 0 0 0 0 0 0 0 0 0 0
0 0 0 0 0 0 0 0 0 0 0 0 0 0 0 0
0 0 0 0 0 0 0 0 0 0 0 0 0 0 0 0
0 0 0 0 0 0 0 0 0 0 0 0 0 0 0 0
0 0 0 0 0 0 0 0 0 0 0 0 0 0 0 0
0 0 0 0 0 0 0 0 0 0 0 0 0 0 0 0
0 0 0 0 0 0 0 0 0 0 0 0 0 0 0 0
0 0 0 0 0 0 0 0 0 0 0 0 0 0 0 0
0 0 0 0 0 0 0 0 0 0 0 0 0 0 0 0
0 0 0 0 0 0 0 0 0 0 0 0 0 0 0 0
0 0 0 0 0 0 0 0 0 0 0 0 0 0 0 0
151548164 0 4294934270 142606336 1449881596 4289675258 4294827966 1617003526 1475575566 2420647240 4159372098 2008153934 4294967294 2018610328 4286578558 4261395890
822239778 4294704062 4290770358 0 8540192 3204002558 1471152058 2951713898 3228908198 4277646262 4102870442 2952658930 403710112 4294966782 38080820 4160616190
1367490884 3998630504 161485396 1253094208 1275074624 1525364236 34085014 1149698502 2147484672 3988753150 0 4227298998 4244635640 134217730 3854019064 160635014
2700771306 2148116400 574289622 536987696 1862302578 2108685280 3516665692 587656190 495123178 3999783800 3974036694 3757932542 3811565086 492688 4198488758 135168
352 0 3759 0 3703 2043 4087 512 1258 173 438 1972 4095 342 4087 4093
898 4087 3862 0 2 1931 3711 3059 428 3551 727 4095 256 4091 1 3583
1028 2964 1972 136 1408 3695 64 380 0 2751 0 4043 4031 1 1391 4064
2782 342 4012 3596 1741 511 1977 2951 3472 2781 4095 4063 3124 0 3577 1233
0 0 0 0 0 0 0 0 0 0 0 0 0 0 0 0
0 0 0 0 0 0 0 0 0 0 0 0 0 0 0 0
0 0 0 0 0 0 0 0 0 0 0 0 0 0 0 0
0 0 0 0 0 0 0 0 0 0 0 0 0 0 0 0
0 0 0 0 0 0 0 0 0 0 0 0 0 0 0 0
0 0 0 0 0 0 0 0 0 0 0 0 0 0 0 0
0 0 0 0 0 0 0 0 0 0 0 0 0 0 0 0
0 0 0 0 0 0 0 0 0 0 0 0 0 0 0 0
0 0 0 0 0 0 0 0 0 0 0 0 0 0 0 0
0 0 0 0 0 0 0 0 0 0 0 0 0 0 0 0
0 0 0 0 0 0 0 0 0 0 0 0 0 0 0 0
0 0 0 0 0 0 0 0 0 0 0 0 0 0 0 0
501817308 3752839166 4294967294 3941543422 318767108 3204399086 337940552 2217263672 60195226 4294967294 4160749566 4243504844 4278190078 4226137982 201555304 3036110780
1760406218 139241024 4294967294 3212836814 3535790968 705739648 1681857632 4269760500 1736441788 2970615824 0 2147486216 4294963166 67108864 8913922 2233475912
4294705150 4294967294 1281996498 2147483644 2950917836 2162688 1607588160 374040112 4286038014 800517006 4294967294 1935767124 16842882 3221225470 3891265406 4294967262
1261508926 2126236942 1048576 2357199044 65536 8392768 695603050 344983748 805306368 2975536188 4017749366 4294967292 145768452 0 2719310406 1566840896
755 606 1023 743 2 990 4 303 295 1019 511 785 1007 1023 517 247
400 104 511 1023 191 128 489 1007 613 0 0 0 1023 4 68 0
1023 1007 5 767 605 0 880 368 1023 1003 1023 25 16 1015 317 511
477 337 0 64 32 192 247 420 8 837 495 1021 2 128 15 656
0 0 0 0 0 0 0 0 0 0 0 0 0 0 0 0
0 0 0 0 0 0 0 0 0 0 0 0 0 0 0 0
0 0 0 0 0 0 0 0 0 0 0 0 0 0 0 0
0 0 0 0 0 0 0 0 0 0 0 0 0 0 0 0
0 0 0 0 0 0 0 0 0 0 0 0 0 0 0 0
0 0 0 0 0 0 0 0 0 0 0 0 0 0 0 0
0 0 0 0 0 0 0 0 0 0 0 0 0 0 0 0
0 0 0 0 0 0 0 0 0 0 0 0 0 0 0 0
0 0 0 0 0 0 0 0 0 0 0 0 0 0 0 0
0 0 0 0 0 0 0 0 0 0 0 0 0 0 0 0
0 0 0 0 0 0 0 0 0 0 0 0 0 0 0 0
0 0 0 0 0 0 0 0 0 0 0 0 0 0 0 0
1274786398 2337227626 256 2152744412 2885606268 594235846 2544631730 2382052726 4294967294 2455628090 4289018340 1429036898 1244728476 3759931032 2342725070 0
2048 1086619926 65540 2181041286 541362788 5922840 1918229686 2416570980 407642940 805306368 0 411439138 3547791030 269484736 2500582930 1877526526
4244630076 0 3857125246 933119720 4288542172 224789052 1048576 3310640102 134480928 76042258 2510290976 3767115792 1285639164 3225833600 3403917314 17322512
268533768 433618552 4251294188 364904764 3374842178 3639131272 8388608 64741844 4286554110 3446597242 4294966782 1651218692 0 2681682940 215082 4018143226
4160125 1203649 0 2535435 2031607 537721 3994613 3342013 4194303 933788 4053655 2408943 686112 2919855 646936 4096
0 2360432 65808 2631041 35360 2114 2569110 953344 2164044 256 0 1179792 2193556 81924 1570040 2064383
4161531 0 3941975 1981936 3996639 1861164 128 661087 1026 133404 18434 279988 62654 2838801 2677551 790568
1024 3197647 4158614 2632153 3458595 1346124 524808 1133045 3932159 3109876 4194303 1934976 0 1347454 4640 3145727
0 0 0 0 0 0 0 0 0 0 0 0 0 0 0 0
0 0 0 0 0 0 0 0 0 0 0 0 0 0 0 0
0 0 0 0 0 0 0 0 0 0 0 0 0 0 0 0
0 0 0 0 0 0 0 0 0 0 0 0 0 0 0 0
0 0 0 0 0 0 0 0 0 0 0 0 0 0 0 0
0 0 0 0 0 0 0 0 0 0 0 0 0 0 0 0
0 0 0 0 0 0 0 0 0 0 0 0 0 0 0 0
0 0 0 0 0 0 0 0 0 0 0 0 0 0 0 0
0 0 0 0 0 0 0 0 0 0 0 0 0 0 0 0
0 0 0 0 0 0 0 0 0 0 0 0 0 0 0 0
0 0 0 0 0 0 0 0 0 0 0 0 0 0 0 0
0 0 0 0 0 0 0 0 0 0 0 0 0 0 0 0
3690987262 2153783308 1702194920 4290442990 3758086638 4769088 322978176 1211015406 4294967294 2147483122 2156593408 4198544 1022818236 2700874260 2871997364 4294967294
268435712 4293918646 13257876 33556490 32 502755036 2010504574 2419613074 2684420104 0 549519868 2810150760 2006703466 777479134 3854513950 2103051520
4293918702 4286578686 1977017066 419430400 1188501626 4261281782 2147549186 3086736350 4147703162 4294705150 4294918142 1797742528 1145867656 262146 4294967294 2099720
2149679366 3758069494 344231022 4293918718 674769508 234925248 2897979390 3243142622 1392825002 4188869612 742728706 3986160460 4143951614 4221114946 268963074 1344060
1007 10 136 511 1022 770 536 512 1023 1010 540 140 379 120 741 1023
0 959 560 0 0 185 78 293 2 0 435 825 644 1022 990 64
1001 1023 678 512 815 1023 16 371 261 447 1023 967 208 512 1023 42
48 991 723 959 148 264 764 113 470 864 8 1023 1022 511 24 64
0 0 0 0 0 0 0 0 0 0 0 0 0 0 0 0
0 0 0 0 0 0 0 0 0 0 0 0 0 0 0 0
0 0 0 0 0 0 0 0 0 0 0 0 0 0 0 0
0 0 0 0 0 0 0 0 0 0 0 0 0 0 0 0
0 0 0 0 0 0 0 0 0 0 0 0 0 0 0 0
0 0 0 0 0 0 0 0 0 0 0 0 0 0 0 0
0 0 0 0 0 0 0 0 0 0 0 0 0 0 0 0
0 0 0 0 0 0 0 0 0 0 0 0 0 0 0 0
0 0 0 0 0 0 0 0 0 0 0 0 0 0 0 0
0 0 0 0 0 0 0 0 0 0 0 0 0 0 0 0
0 0 0 0 0 0 0 0 0 0 0 0 0 0 0 0
0 0 0 0 0 0 0 0 0 0 0 0 0 0 0 0
1644298244 1699364806 1141899264 4021288958 1409768 4210688 1410613376 1610081788 3154111358 411664918 12616560 0 2155872260 2141192186 4001218526 4294967230
3758045078 2097152 2818502012 3224437008 1318573844 1368525060 2684353534 4294967294 3170805694 0 4194468 4227719092 4292870126 1098973568 3221224958 0
1456515412 8388608 1207959688 1844173790 56761604 1594621174 0 4293902334 0 1107298500 122168710 3992977406 3221225470 42533746 602912826 4219314174
3119181686 4294967294 672284816 718886396 655261704 4294631102 4026531838 4294967294 1774774352 3489453814 3298191846 21233664 159959140 1953370958 2228742 3489136244
1 2 0 2 1 2 0 3 2 0 0 0 1 1 3 3
3 0 1 0 0 0 3 3 3 0 1 2 3 2 3 0
3 0 1 1 2 1 0 3 0 3 2 3 3 0 3 3
1 3 0 1 2 3 3 3 1 1 1 0 0 0 0 2
0 0 0 0 0 0 0 0 0 0 0 0 0 0 0 0
0 0 0 0 0 0 0 0 0 0 0 0 0 0 0 0
0 0 0 0 0 0 0 0 0 0 0 0 0 0 0 0
0 0 0 0 0 0 0 0 0 0 0 0 0 0 0 0
0 0 0 0 0 0 0 0 0 0 0 0 0 0 0 0
0 0 0 0 0 0 0 0 0 0 0 0 0 0 0 0
0 0 0 0 0 0 0 0 0 0 0 0 0 0 0 0
0 0 0 0 0 0 0 0 0 0 0 0 0 0 0 0
0 0 0 0 0 0 0 0 0 0 0 0 0 0 0 0
0 0 0 0 0 0 0 0 0 0 0 0 0 0 0 0
0 0 0 0 0 0 0 0 0 0 0 0 0 0 0 0
0 0 0 0 0 0 0 0 0 0 0 0 0 0 0 0
3990269938 2889904706 4160749564 2242906132 4294966654 1013841530 4294967290 3212835838 1029694710 3472867326 587239424 957245550 4 3948920830 620759838 3283978596
26481014 3015520182 2939124830 293605376 0 0 11158288 4294967292 793570344 2075365316 125829632 1073470846 508515226 3190549872 149436994 262256
134746944 3294587110 3189899236 3420612758 0 738595232 83893248 3790302854 134217732 1906854480 673185810 2175029702 1411055660 4159668142 3119908606 4261392124
0 4294966782 536887808 20974104 924904500 2780031734 80 32 4294966782 4026335038 3171450060 335544322 469860942 3369075252 608240096 536879120
63 44 119 60 47 25 127 54 107 111 64 70 0 127 63 38
34 79 13 18 0 0 62 127 34 49 16 127 56 121 10 4
1 81 19 65 0 50 84 93 0 60 66 70 36 101 93 127
0 127 0 88 91 95 0 0 123 119 108 88 9 50 58 0
0 0 0 0 0 0 0 0 0 0 0 0 0 0 0 0
0 0 0 0 0 0 0 0 0 0 0 0 0 0 0 0
0 0 0 0 0 0 0 0 0 0 0 0 0 0 0 0
0 0 0 0 0 0 0 0 0 0 0 0 0 0 0 0
0 0 0 0 0 0 0 0 0 0 0 0 0 0 0 0
0 0 0 0 0 0 0 0 0 0 0 0 0 0 0 0
0 0 0 0 0 0 0 0 0 0 0 0 0 0 0 0
0 0 0 0 0 0 0 0 0 0 0 0 0 0 0 0
0 0 0 0 0 0 0 0 0 0 0 0 0 0 0 0
0 0 0 0 0 0 0 0 0 0 0 0 0 0 0 0
0 0 0 0 0 0 0 0 0 0 0 0 0 0 0 0
0 0 0 0 0 0 0 0 0 0 0 0 0 0 0 0
3622188750 371097004 2418313218 2597973950 4294959102 4277927934 4017995726 2064 1077375142 1695293828 3968040228 4292734974 2800347302 2323504382 3010985468 4278188798
4015778698 1912885760 2609402274 4269788142 4159831998 4135366004 14485058 1496348872 327947274 2138471110 805601284 0 4294950870 4277010430 35230726 2864412498
3759440048 2777923566 4152356238 1816649214 0 42279144 1111523460 4007848862 4294967294 4294966782 697297192 3872378686 2097152 2586380418 4294967294 889630742
1165234650 2155563470 574703236 151706136 1577353734 3045842940 2147450750 4294967294 2185273616 4160712686 69439752 2147483648 4026531838 4000185582 3378446298 2931282580
8347081 5252677 120832 7403326 7339999 7962559 7573498 8208 5309880 6196980 3747135 7847930 5062178 5971882 7252989 8388087
8386662 1048576 3656504 4911103 8323071 7690213 4718592 1709072 524289 3590960 2634 16384 4830702 8355839 541460 7077370
4500110 8257277 8371951 8375029 16388 1044329 2304 8322807 8388607 8257487 1735851 2614783 0 4456600 8388607 5776476
282005 1879239 553088 1333060 1274950 6739898 8386046 8388511 728128 8372207 7623582 0 8191999 5052925 7929716 243603
0 0 0 0 0 0 0 0 0 0 0 0 0 0 0 0
0 0 0 0 0 0 0 0 0 0 0 0 0 0 0 0
0 0 0 0 0 0 0 0 0 0 0 0 0 0 0 0
0 0 0 0 0 0 0 0 0 0 0 0 0 0 0 0
0 0 0 0 0 0 0 0 0 0 0 0 0 0 0 0
0 0 0 0 0 0 0 0 0 0 0 0 0 0 0 0
0 0 0 0 0 0 0 0 0 0 0 0 0 0 0 0
0 0 0 0 0 0 0 0 0 0 0 0 0 0 0 0
0 0 0 0 0 0 0 0 0 0 0 0 0 0 0 0
0 0 0 0 0 0 0 0 0 0 0 0 0 0 0 0
0 0 0 0 0 0 0 0 0 0 0 0 0 0 0 0
0 0 0 0 0 0 0 0 0 0 0 0 0 0 0 0
4158586494 968873924 271672610 1823918582 996830804 3758096382 4294967294 4294700766 469762186 71177794 2148901154 2281971844 4294967038 4227530724 4293730126 4294901690
1588330238 1059944394 3218990150 1073741824 1845460766 1187912216 3361940536 1070640316 469231486 4261412856 32768 2147484290 4294147966 2 51646750 401917088
2149024678 1930292264 3738943326 3571353070 1493214232 3490283954 0 1002427778 1268337474 4294967294 3657432958 0 2694018676 1303863030 1604185054 0
16896 4152360446 1118596076 450370540 2130706142 4294967294 4223664126 4294967294 4090362782 3203333808 815087648 2883525482 1073841152 553730068 2617244478 4152334844
247 102 4 199 97 255 247 191 96 210 15 8 255 91 207 239
255 57 86 0 255 173 89 255 157 215 0 32 255 0 64 227
68 78 239 192 61 38 0 239 100 255 255 0 141 187 251 0
0 203 153 125 251 255 255 255 239 157 4 223 132 129 63 55
0 0 0 0 0 0 0 0 0 0 0 0 0 0 0 0
0 0 0 0 0 0 0 0 0 0 0 0 0 0 0 0
0 0 0 0 0 0 0 0 0 0 0 0 0 0 0 0
0 0 0 0 0 0 0 0 0 0 0 0 0 0 0 0
0 0 0 0 0 0 0 0 0 0 0 0 0 0 0 0
0 0 0 0 0 0 0 0 0 0 0 0 0 0 0 0
0 0 0 0 0 0 0 0 0 0 0 0 0 0 0 0
0 0 0 0 0 0 0 0 0 0 0 0 0 0 0 0
0 0 0 0 0 0 0 0 0 0 0 0 0 0 0 0
0 0 0 0 0 0 0 0 0 0 0 0 0 0 0 0
0 0 0 0 0 0 0 0 0 0 0 0 0 0 0 0
0 0 0 0 0 0 0 0 0 0 0 0 0 0 0 0
4278190078 50630656 2819644552 1068994592 0 37765248 822132736 268650310 1872493366 70656 4159897788 2189493254 953480302 3756898238 3758096382 3153623802
866238464 1666117162 2684289022 0 1474129398 147522144 4294967294 3610499070 0 8995504 74973228 2684354526 4134191394 64 3315744108 208799236
270582816 4026519034 3502270364 3182644120 4006600058 2785901990 4159653308 4290772990 131072 1983136164 4096 3641635006 826294932 814205712 4026499070 2147549184
4290510844 1192277292 4273905662 4294631422 975718672 4294803454 671088644 3386871540 8955920 2130464566 2850743866 3276710610 4294967294 4290703186 4253022062 0
31 37 48 21 0 16 15 5 53 0 28 1 21 62 63 63
0 44 62 4 35 17 63 39 0 26 16 60 63 0 21 1
24 63 44 23 15 56 25 59 0 32 4 49 59 58 59 12
63 14 47 63 15 63 0 51 4 21 39 2 63 59 46 0
0 0 0 0 0 0 0 0 0 0 0 0 0 0 0 0
0 0 0 0 0 0 0 0 0 0 0 0 0 0 0 0
0 0 0 0 0 0 0 0 0 0 0 0 0 0 0 0
0 0 0 0 0 0 0 0 0 0 0 0 0 0 0 0
0 0 0 0 0 0 0 0 0 0 0 0 0 0 0 0
0 0 0 0 0 0 0 0 0 0 0 0 0 0 0 0
0 0 0 0 0 0 0 0 0 0 0 0 0 0 0 0
0 0 0 0 0 0 0 0 0 0 0 0 0 0 0 0
0 0 0 0 0 0 0 0 0 0 0 0 0 0 0 0
0 0 0 0 0 0 0 0 0 0 0 0 0 0 0 0
0 0 0 0 0 0 0 0 0 0 0 0 0 0 0 0
0 0 0 0 0 0 0 0 0 0 0 0 0 0 0 0
8200 16777744 125304830 4456666 116719350 15660030 75506176 25559048 16384 34341282 1638416 67108830 124644166 111017274 133358474 32187574
123627370 67723608 16956136 105414104 134086646 23109728 32768 6294272 71368960 99858270 129760750 92427824 96424852 37886212 129890158 5246714
133791742 129297852 48987998 0 125775678 1057376 125829118 49280 278528 107970558 134217470 15245378 123705852 134217726 0 133660670
47824154 75653272 134217726 132109500 44734272 134217710 19720784 0 134004522 122612866 4392992 106889158 131972038 134217726 270346 61001636
0 0 0 0 0 0 0 0 0 0 0 0 0 0 0 0
0 0 0 0 0 0 0 0 0 0 0 0 0 0 0 0
0 0 0 0 0 0 0 0 0 0 0 0 0 0 0 0
0 0 0 0 0 0 0 0 0 0 0 0 0 0 0 0
0 0 0 0 0 0 0 0 0 0 0 0 0 0 0 0
0 0 0 0 0 0 0 0 0 0 0 0 0 0 0 0
0 0 0 0 0 0 0 0 0 0 0 0 0 0 0 0
0 0 0 0 0 0 0 0 0 0 0 0 0 0 0 0
0 0 0 0 0 0 0 0 0 0 0 0 0 0 0 0
0 0 0 0 0 0 0 0 0 0 0 0 0 0 0 0
0 0 0 0 0 0 0 0 0 0 0 0 0 0 0 0
0 0 0 0 0 0 0 0 0 0 0 0 0 0 0 0
0 0 0 0 0 0 0 0 0 0 0 0 0 0 0 0
0 0 0 0 0 0 0 0 0 0 0 0 0 0 0 0
0 0 0 0 0 0 0 0 0 0 0 0 0 0 0 0
0 0 0 0 0 0 0 0 0 0 0 0 0 0 0 0
4294967294 4286578558 856239864 4286578174 4294934526 4294687734 16785928 2889385438 3502622062 1921722052 4281763842 3668096838 4294053278 3741315070 2412556810 67273728
270532620 4294967294 1832369100 3254781952 4160749566 39783766 3450599360 4294701054 3490828326 4294967294 1334378286 11575460 3791020014 134217728 2155888704 3430774766
2424307730 1796409374 4184386326 67117568 0 3620536318 205751590 4294836222 4294967294 146803724 1636509718 906580056 67371008 302055424 718381064 4278190076
1804551258 134217728 4286566138 489740114 4258256890 4294967294 4608 8704 977274374 1048576 1881325874 1547021706 2570228484 131088 4294967294 2131752414
32767 32255 24284 32767 30719 32767 3072 788 2142 5432 15280 15801 32495 32043 12455 10
0 32767 15215 0 32767 10851 221 24569 25088 32767 1783 24848 29373 4192 4 29891
8768 22534 17762 64 0 31551 844 32767 32767 36 11300 2500 18 128 3096 30687
14795 12288 32633 31944 32767 32767 835 1040 512 0 10329 6967 1346 0 32735 16383
0 0 0 0 0 0 0 0 0 0 0 0 0 0 0 0
0 0 0 0 0 0 0 0 0 0 0 0 0 0 0 0
0 0 0 0 0 0 0 0 0 0 0 0 0 0 0 0
0 0 0 0 0 0 0 0 0 0 0 0 0 0 0 0
0 0 0 0 0 0 0 0 0 0 0 0 0 0 0 0
0 0 0 0 0 0 0 0 0 0 0 0 0 0 0 0
0 0 0 0 0 0 0 0 0 0 0 0 0 0 0 0
0 0 0 0 0 0 0 0 0 0 0 0 0 0 0 0
0 0 0 0 0 0 0 0 0 0 0 0 0 0 0 0
0 0 0 0 0 0 0 0 0 0 0 0 0 0 0 0
0 0 0 0 0 0 0 0 0 0 0 0 0 0 0 0
0 0 0 0 0 0 0 0 0 0 0 0 0 0 0 0
131072 6570516 16777150 4782586 6074992 16386 9542360 5242944 13115940 5553606 532496 14876414 1970600 7751138 16703024 15433436
15920126 81962 4360370 3394282 8912976 16206004 1130484 10215706 16312396 9703424 7962554 8652330 36 1925036 16760830 4185944
16384 82954 0 1342728 4231232 16743166 3165248 7987936 15127532 1581270 4510644 16777214 11272182 12582318 528496 7314798
16768758 2301972 4196652 16252926 5164112 4527306 16896 1673440 16515002 1053184 15519034 15161728 4 15693822 0 11254924
0 0 0 0 0 0 0 0 0 0 0 0 0 0 0 0
0 0 0 0 0 0 0 0 0 0 0 0 0 0 0 0
0 0 0 0 0 0 0 0 0 0 0 0 0 0 0 0
0 0 0 0 0 0 0 0 0 0 0 0 0 0 0 0
0 0 0 0 0 0 0 0 0 0 0 0 0 0 0 0
0 0 0 0 0 0 0 0 0 0 0 0 0 0 0 0
0 0 0 0 0 0 0 0 0 0 0 0 0 0 0 0
0 0 0 0 0 0 0 0 0 0 0 0 0 0 0 0
0 0 0 0 0 0 0 0 0 0 0 0 0 0 0 0
0 0 0 0 0 0 0 0 0 0 0 0 0 0 0 0
0 0 0 0 0 0 0 0 0 0 0 0 0 0 0 0
0 0 0 0 0 0 0 0 0 0 0 0 0 0 0 0
0 0 0 0 0 0 0 0 0 0 0 0 0 0 0 0
0 0 0 0 0 0 0 0 0 0 0 0 0 0 0 0
0 0 0 0 0 0 0 0 0 0 0 0 0 0 0 0
0 0 0 0 0 0 0 0 0 0 0 0 0 0 0 0
17826304 3868522328 4293918718 4096 1233438824 3686254526 4294967266 3948736510 3202337758 4294967294 1655478702 1320366162 971467694 4206883578 218234888 995190556
8717376 4294967038 4277116408 2720016648 3448223046 3380914414 84181510 958200900 2181054744 4278190078 307513862 1012888934 1960870916 4286578422 1083344920 4026523646
2013265918 4294443006 1084428552 1936521774 4292870142 3877878566 4294967294 4224251838 4294967294 1616905728 1002749968 4294940414 3221139816 1676925374 1099436200 3741309924
1115688960 3901467128 4294967294 308310674 2048 1803526078 3229500564 50465412 3808852006 2113371838 2281833006 1878347774 1073463166 3200999356 787724786 4009746426
8290 1472 16383 0 3081 16299 16127 5694 14953 16383 6496 49 3893 16094 0 12356
4356 16383 8029 8752 1109 0 8336 13975 2048 16351 4508 2997 4128 16351 2065 7679
16383 16382 1108 16111 16383 2606 16383 4607 8191 8192 14 16111 15158 4627 512 16119
0 1401 16383 11018 0 14331 10035 6145 10676 15359 8725 3559 15758 12027 16316 12271
0 0 0 0 0 0 0 0 0 0 0 0 0 0 0 0
0 0 0 0 0 0 0 0 0 0 0 0 0 0 0 0
0 0 0 0 0 0 0 0 0 0 0 0 0 0 0 0
0 0 0 0 0 0 0 0 0 0 0 0 0 0 0 0
0 0 0 0 0 0 0 0 0 0 0 0 0 0 0 0
0 0 0 0 0 0 0 0 0 0 0 0 0 0 0 0
0 0 0 0 0 0 0 0 0 0 0 0 0 0 0 0
0 0 0 0 0 0 0 0 0 0 0 0 0 0 0 0
0 0 0 0 0 0 0 0 0 0 0 0 0 0 0 0
0 0 0 0 0 0 0 0 0 0 0 0 0 0 0 0
0 0 0 0 0 0 0 0 0 0 0 0 0 0 0 0
0 0 0 0 0 0 0 0 0 0 0 0 0 0 0 0
196423976 1108213760 262272 0 3082286282 2242594266 30738 1967462702 3539470892 4253023224 4294967278 1510355232 1060143356 401172398 1811822078 4227875338
2938109952 2147482618 0 17018880 1610777608 3254911112 36846346 4015154940 2043641464 1080330762 3053439304 2445249532 1576009202 446635704 1367476788 2662766522
289722444 973932134 2474040364 1039007214 4286561646 4140826486 276830480 2239787012 2148276224 2468403232 2485042668 528 4286578686 4294967294 2874676666 4286382078
3466743126 2202688208 3641188620 0 968875774 4290768878 3117309054 2013132766 3432903274 2176319698 4194140014 2986514320 2174488848 4276090750 2147483646 2080
63959035 131104 638980 0 100663223 259734199 1310976 123203034 107397248 249560831 268435455 193820545 244006945 66877417 232783863 134856894
189058578 268435447 65536 177281313 2230272 176161910 9233 40707193 245680814 201459714 129498367 244925852 66047999 222182556 134217856 734829
27267674 119615531 167808227 134213597 197654523 184549375 6434632 3392897 2621461 33772800 165748202 5308416 268435455 268435451 143369030 133169143
247146128 41701794 23136296 19398656 63402307 268433403 41173180 234881006 224223216 134910626 100335197 189357126 36866 268435446 268435455 2527490
0 0 0 0 0 0 0 0 0 0 0 0 0 0 0 0
0 0 0 0 0 0 0 0 0 0 0 0 0 0 0 0
0 0 0 0 0 0 0 0 0 0 0 0 0 0 0 0
0 0 0 0 0 0 0 0 0 0 0 0 0 0 0 0
0 0 0 0 0 0 0 0 0 0 0 0 0 0 0 0
0 0 0 0 0 0 0 0 0 0 0 0 0 0 0 0
0 0 0 0 0 0 0 0 0 0 0 0 0 0 0 0
0 0 0 0 0 0 0 0 0 0 0 0 0 0 0 0
0 0 0 0 0 0 0 0 0 0 0 0 0 0 0 0
0 0 0 0 0 0 0 0 0 0 0 0 0 0 0 0
0 0 0 0 0 0 0 0 0 0 0 0 0 0 0 0
0 0 0 0 0 0 0 0 0 0 0 0 0 0 0 0
8921088 0 2743338794 3959078782 4294963198 1602215934 464393174 3009279986 4194303998 470554688 50725026 1961686244 3221225470 3667356918 1270480138 2108125018
1090523200 2666524762 2062794232 131072 3260905224 3120037806 4259289710 570983652 2273740324 4293916606 2097152 134217760 2147221494 558115140 704 3078560236
4277927934 4227791692 2710095890 3752695658 4289724410 1694565258 2467971062 147456 793858954 3790247174 536870846 1782571260 4278153206 2139092986 360478902 268510848
3270773750 1610617072 4294965246 2095944908 4261347102 4227858430 8536068 3628158416 281629392 1956900772 131088 4294967294 888105854 151273620 1853612024 2415741070
0 0 2304 6583 7935 8117 3290 8127 7933 4729 526 5080 8059 4060 3570 6169
2320 7804 8055 512 1003 4055 7927 6304 4121 8159 0 2048 7403 6528 456 5084
8191 4093 2456 4007 8191 2352 1033 4102 6592 7192 5855 3042 7595 6655 6007 769
1564 4890 8191 443 7166 8191 5 210 2034 2021 7170 8191 7082 2055 5087 4534
0 0 0 0 0 0 0 0 0 0 0 0 0 0 0 0
0 0 0 0 0 0 0 0 0 0 0 0 0 0 0 0
0 0 0 0 0 0 0 0 0 0 0 0 0 0 0 0
0 0 0 0 0 0 0 0 0 0 0 0 0 0 0 0
0 0 0 0 0 0 0 0 0 0 0 0 0 0 0 0
0 0 0 0 0 0 0 0 0 0 0 0 0 0 0 0
0 0 0 0 0 0 0 0 0 0 0 0 0 0 0 0
0 0 0 0 0 0 0 0 0 0 0 0 0 0 0 0
0 0 0 0 0 0 0 0 0 0 0 0 0 0 0 0
0 0 0 0 0 0 0 0 0 0 0 0 0 0 0 0
0 0 0 0 0 0 0 0 0 0 0 0 0 0 0 0
0 0 0 0 0 0 0 0 0 0 0 0 0 0 0 0
4294967294 986123008 2657072958 8663084 2582599476 0 3154117642 26612224 684639340 1478575360 19564708 4026203516 4272616126 1184638402 2583271382 3712044272
1580328960 2147491840 3645853218 4160790962 4294819198 1837240320 22283264 2315255936 4294965246 1361346604 2886995584 4286578174 2147409918 4294836222 4002500522 2139095038
3992690174 3882540534 2155888772 4226744318 4294966206 1469021686 2 589374480 11027236 3234210022 4290145714 4286513150 3606773758 4244634556 132240130 3533418358
3203393038 2608268334 204276480 4294967294 4253952 136190016 210763776 543172612 2779972104 356 3809566654 1937710360 3345643768 1550768690 1073807360 2890651494
3 2 3 0 3 0 0 0 2 0 3 3 0 3 1 2
2 0 0 0 1 2 2 2 3 0 2 3 3 2 0 3
3 2 0 2 3 3 0 0 0 2 2 3 3 2 0 1
2 3 1 3 2 2 0 0 3 0 0 1 3 3 3 0
0 0 0 0 0 0 0 0 0 0 0 0 0 0 0 0
0 0 0 0 0 0 0 0 0 0 0 0 0 0 0 0
0 0 0 0 0 0 0 0 0 0 0 0 0 0 0 0
0 0 0 0 0 0 0 0 0 0 0 0 0 0 0 0
0 0 0 0 0 0 0 0 0 0 0 0 0 0 0 0
0 0 0 0 0 0 0 0 0 0 0 0 0 0 0 0
0 0 0 0 0 0 0 0 0 0 0 0 0 0 0 0
0 0 0 0 0 0 0 0 0 0 0 0 0 0 0 0
0 0 0 0 0 0 0 0 0 0 0 0 0 0 0 0
0 0 0 0 0 0 0 0 0 0 0 0 0 0 0 0
0 0 0 0 0 0 0 0 0 0 0 0 0 0 0 0
0 0 0 0 0 0 0 0 0 0 0 0 0 0 0 0
4294967294 4284074694 3610893818 1155378876 2164264960 3896157790 3924623228 3078563158 2147448814 2149842944 134218304 4294966780 1461299112 4227858430 136314880 4288638846
5362538 3489269206 2147352574 4290572286 4294967292 1031733188 33948162 8520704 4026529276 8388612 68444248 402685952 0 3755999154 936280984 2206078908
4294934270 2142232558 2608573134 597763392 2685501620 3310119746 3220110074 804780764 1946153978 3959357434 1870526460 3185145624 296239344 1069416350 4267679478 3753803702
4294967294 1844961246 2008503794 2952220430 3173421884 2134827004 4206886874 2630414544 84025344 4294368238 4026531822 2110783406 3103632382 4033207000 2640142300 2790535656
63 59 14 36 10 63 31 59 63 0 0 63 35 63 0 25
0 43 63 63 61 63 2 10 58 0 2 32 0 63 22 50
59 19 59 38 16 3 39 58 61 63 59 47 8 55 54 55
63 63 45 61 34 63 39 14 16 51 60 63 34 40 51 33
0 0 0 0 0 0 0 0 0 0 0 0 0 0 0 0
0 0 0 0 0 0 0 0 0 0 0 0 0 0 0 0
0 0 0 0 0 0 0 0 0 0 0 0 0 0 0 0
0 0 0 0 0 0 0 0 0 0 0 0 0 0 0 0
0 0 0 0 0 0 0 0 0 0 0 0 0 0 0 0
0 0 0 0 0 0 0 0 0 0 0 0 0 0 0 0
0 0 0 0 0 0 0 0 0 0 0 0 0 0 0 0
0 0 0 0 0 0 0 0 0 0 0 0 0 0 0 0
0 0 0 0 0 0 0 0 0 0 0 0 0 0 0 0
0 0 0 0 0 0 0 0 0 0 0 0 0 0 0 0
0 0 0 0 0 0 0 0 0 0 0 0 0 0 0 0
0 0 0 0 0 0 0 0 0 0 0 0 0 0 0 0
384 3221225214 2251200360 1701131082 2432197700 2575684448 134643728 1493867824 138042368 4278009838 915336990 33694880 0 1906439850 2197848384 4294967294
1636868074 271583296 36175936 3148055122 2599894994 3628092074 745801834 4267442092 4077136630 3035788374 3953060134 3629096290 3437101050 0 268472792 3140369646
3992975342 4022299582 3660984412 998902104 4271767550 165711946 260 4149342676 2004545522 3038600600 3611459358 4047548196 17899584 1071638490 4001611262 1354541112
2152735132 706871296 239649424 3359637704 4173217278 4294959102 4148022236 1455406074 157466688 745172878 3454119506 131353728 281063428 670527182 16 4243796968
128 255 211 238 165 80 4 213 64 180 166 2 32 191 66 255
191 72 0 100 191 103 229 255 194 177 191 186 205 64 209 135
255 253 57 60 255 144 2 61 188 89 213 56 0 247 237 42
96 66 9 160 255 255 223 123 32 221 174 32 11 75 0 253
0 0 0 0 0 0 0 0 0 0 0 0 0 0 0 0
0 0 0 0 0 0 0 0 0 0 0 0 0 0 0 0
0 0 0 0 0 0 0 0 0 0 0 0 0 0 0 0
0 0 0 0 0 0 0 0 0 0 0 0 0 0 0 0
0 0 0 0 0 0 0 0 0 0 0 0 0 0 0 0
0 0 0 0 0 0 0 0 0 0 0 0 0 0 0 0
0 0 0 0 0 0 0 0 0 0 0 0 0 0 0 0
0 0 0 0 0 0 0 0 0 0 0 0 0 0 0 0
0 0 0 0 0 0 0 0 0 0 0 0 0 0 0 0
0 0 0 0 0 0 0 0 0 0 0 0 0 0 0 0
0 0 0 0 0 0 0 0 0 0 0 0 0 0 0 0
0 0 0 0 0 0 0 0 0 0 0 0 0 0 0 0
2058094862 4009573372 1180452500 3752065446 545269426 283943816 0 3240697932 2679515112 3045064698 1559946742 2440475006 262144 4294701034 4227854324 2397462310
136820446 219743496 1740450162 3388078598 4278040446 2125260372 4059987966 880870784 537430144 4227267894 4026520570 268437696 2781401086 6160 3949581242 3470713544
1405031202 2147565600 2070937598 3579031644 4288675822 32 3520617810 1851389694 262212 129382046 2951413502 4152358630 1085309056 3220701182 7415568 2668232864
1006433230 4294967294 4247753968 14712832 138228976 4049091714 4294967294 210502698 4143304434 138690628 2164391936 537147552 2129919998 2397828210 3253233984 504326862
3565 4095 3346 3454 3168 2570 0 3319 3564 3839 1971 3743 0 4055 3935 1476
1880 833 2435 1938 1487 1730 4095 16 1282 3903 1276 0 843 2049 4094 2543
204 1 4084 1974 4093 0 316 3071 0 3453 3839 3921 516 2047 2073 3072
3303 4095 1660 512 3090 2043 4095 753 2003 2049 32 3 4091 1911 3360 2295
0 0 0 0 0 0 0 0 0 0 0 0 0 0 0 0
0 0 0 0 0 0 0 0 0 0 0 0 0 0 0 0
0 0 0 0 0 0 0 0 0 0 0 0 0 0 0 0
0 0 0 0 0 0 0 0 0 0 0 0 0 0 0 0
0 0 0 0 0 0 0 0 0 0 0 0 0 0 0 0
0 0 0 0 0 0 0 0 0 0 0 0 0 0 0 0
0 0 0 0 0 0 0 0 0 0 0 0 0 0 0 0
0 0 0 0 0 0 0 0 0 0 0 0 0 0 0 0
0 0 0 0 0 0 0 0 0 0 0 0 0 0 0 0
0 0 0 0 0 0 0 0 0 0 0 0 0 0 0 0
0 0 0 0 0 0 0 0 0 0 0 0 0 0 0 0
0 0 0 0 0 0 0 0 0 0 0 0 0 0 0 0
4286576126 19269640 2617236990 1073744384 4076535778 532674912 558245418 4156554236 374732928 4195302042 526740 4294967294 0 65536 548421632 4064276094
2965981200 12862080 39997440 2610465292 1323550412 536871936 538214456 65536 3563065568 2164523200 134251108 3221225458 4019707390 2139095038 4294967294 3221192346
4292870142 2148532224 2813781480 392167198 352348190 23606446 3758094318 4261412862 2943534744 4219453018 0 4294967292 8917032 3221217278 4294967294 1820853144
170669140 4290641404 160813464 4159248368 2164316428 138424450 3070197740 4294967294 3707760606 4294967214 0 1311768550 2282029984 1364196586 423442552 2050714418
223 84 237 2 239 120 247 255 0 225 5 255 0 20 72 237
70 36 2 237 133 0 130 0 174 65 80 255 123 123 255 255
255 4 243 102 192 16 255 254 51 175 0 255 0 190 255 83
242 249 152 87 35 12 190 255 181 255 0 187 209 247 39 125
0 0 0 0 0 0 0 0 0 0 0 0 0 0 0 0
0 0 0 0 0 0 0 0 0 0 0 0 0 0 0 0
0 0 0 0 0 0 0 0 0 0 0 0 0 0 0 0
0 0 0 0 0 0 0 0 0 0 0 0 0 0 0 0
0 0 0 0 0 0 0 0 0 0 0 0 0 0 0 0
0 0 0 0 0 0 0 0 0 0 0 0 0 0 0 0
0 0 0 0 0 0 0 0 0 0 0 0 0 0 0 0
0 0 0 0 0 0 0 0 0 0 0 0 0 0 0 0
0 0 0 0 0 0 0 0 0 0 0 0 0 0 0 0
0 0 0 0 0 0 0 0 0 0 0 0 0 0 0 0
0 0 0 0 0 0 0 0 0 0 0 0 0 0 0 0
0 0 0 0 0 0 0 0 0 0 0 0 0 0 0 0
2147418094 8720608 2152211520 3745509604 225618098 43332 1290010912 3638098540 3758096382 3221147646 2118308188 3758095870 1755094024 172000018 413151272 1784135414
2877286830 676241638 2667494678 3081632754 4060912484 762277806 512 4026523646 4160738302 2146430462 915280532 2154873882 3838853748 2450031816 1342178304 2298479104
4160684030 4294967294 3971721690 83894274 4193779068 4099884418 4294967294 2181107712 3304727172 4294967294 4294966782 3758095854 1252065828 1978633938 285212672 3212836830
3623288172 137101352 4294967292 3320030566 2515267356 1352151050 136478896 773145624 1519766960 3151560486 4293885950 2684887106 3753508348 939620420 3783056126 1188609954
31 24 16 31 8 0 5 30 31 21 11 31 18 0 8 15
29 30 27 29 20 23 0 31 31 20 13 22 0 24 0 8
31 31 11 2 15 16 31 0 24 31 31 23 15 26 4 27
31 22 31 22 2 0 0 17 25 14 31 2 11 26 31 9
0 0 0 0 0 0 0 0 0 0 0 0 0 0 0 0
0 0 0 0 0 0 0 0 0 0 0 0 0 0 0 0
0 0 0 0 0 0 0 0 0 0 0 0 0 0 0 0
0 0 0 0 0 0 0 0 0 0 0 0 0 0 0 0
0 0 0 0 0 0 0 0 0 0 0 0 0 0 0 0
0 0 0 0 0 0 0 0 0 0 0 0 0 0 0 0
0 0 0 0 0 0 0 0 0 0 0 0 0 0 0 0
0 0 0 0 0 0 0 0 0 0 0 0 0 0 0 0
0 0 0 0 0 0 0 0 0 0 0 0 0 0 0 0
0 0 0 0 0 0 0 0 0 0 0 0 0 0 0 0
0 0 0 0 0 0 0 0 0 0 0 0 0 0 0 0
0 0 0 0 0 0 0 0 0 0 0 0 0 0 0 0
1384351872 2575045470 2185887744 4294967166 167772736 1410665728 3758096366 3755474942 1942963134 3212294126 1042218042 1087002624 4294905598 3736315276 8519680 4294967230
3976199614 2324824388 33554496 4218011388 4293644254 2912438914 3220570108 1355780166 2129920 33555200 2165219668 2818301886 3465162824 1002438654 782288006 4294967294
6361240 77101184 268344844 1672924014 557060 4294967294 1869557692 2343879808 403186688 3873704082 835894486 134807586 2165442688 1052576958 2383615092 4294798332
4248174574 56276992 3221225470 3076247290 2986335742 1074176050 3086737404 2111661472 3469867230 4294966268 2056980836 476420 4277409814 4149722366 801005308 4244635134
0 31 1 29 0 16 31 27 15 29 31 1 30 18 16 27
31 1 2 31 23 30 27 17 0 2 6 14 10 31 4 31
13 21 20 2 0 31 15 10 16 15 12 1 17 28 10 31
31 8 31 31 31 1 15 6 23 31 17 4 18 15 29 31
0 0 0 0 0 0 0 0 0 0 0 0 0 0 0 0
0 0 0 0 0 0 0 0 0 0 0 0 0 0 0 0
0 0 0 0 0 0 0 0 0 0 0 0 0 0 0 0
0 0 0 0 0 0 0 0 0 0 0 0 0 0 0 0
0 0 0 0 0 0 0 0 0 0 0 0 0 0 0 0
0 0 0 0 0 0 0 0 0 0 0 0 0 0 0 0
0 0 0 0 0 0 0 0 0 0 0 0 0 0 0 0
0 0 0 0 0 0 0 0 0 0 0 0 0 0 0 0
0 0 0 0 0 0 0 0 0 0 0 0 0 0 0 0
0 0 0 0 0 0 0 0 0 0 0 0 0 0 0 0
0 0 0 0 0 0 0 0 0 0 0 0 0 0 0 0
0 0 0 0 0 0 0 0 0 0 0 0 0 0 0 0
2143183066 17834016 1061011364 870314828 3681365742 3103784446 2801395678 1619167296 2812115050 1678250752 1214518978 67137348 1749109324 2222685886 2147483648 2147491904
1648510482 3638207658 4294967294 4269706108 3904409728 134414400 3139235832 2693621628 3716128396 1644169490 3698334444 1382020776 140036352 341664806 4294832990 3741056926
2471531912 1876942686 328478 1134559568 2305924508 4227039230 252969060 1072693198 4294830430 4294967294 709951736 2430985266 0 4249735948 1150281062 4294967294
1757470464 1074004096 4255637502 33687560 1783907838 3741319166 1078469438 1676655478 2055190254 3086991358 4294967294 1333492108 3622304702 1535561268 2146957166 4265291998
46531 16544 60752 32443 55037 65215 36847 16480 23858 33861 37918 4 30678 61031 8228 1024
8233 59549 65535 24354 704 518 63719 64 54783 10432 1251 65019 19458 55462 65405 65199
1282 44727 434 17438 3758 65279 37083 65533 38907 65535 22656 49156 0 57277 8662 65535
36932 768 29951 9 17774 44989 800 27387 55888 57343 65535 20194 65247 28456 65341 13770
0 0 0 0 0 0 0 0 0 0 0 0 0 0 0 0
0 0 0 0 0 0 0 0 0 0 0 0 0 0 0 0
0 0 0 0 0 0 0 0 0 0 0 0 0 0 0 0
0 0 0 0 0 0 0 0 0 0 0 0 0 0 0 0
0 0 0 0 0 0 0 0 0 0 0 0 0 0 0 0
0 0 0 0 0 0 0 0 0 0 0 0 0 0 0 0
0 0 0 0 0 0 0 0 0 0 0 0 0 0 0 0
0 0 0 0 0 0 0 0 0 0 0 0 0 0 0 0
0 0 0 0 0 0 0 0 0 0 0 0 0 0 0 0
0 0 0 0 0 0 0 0 0 0 0 0 0 0 0 0
0 0 0 0 0 0 0 0 0 0 0 0 0 0 0 0
0 0 0 0 0 0 0 0 0 0 0 0 0 0 0 0
311808 13444358 173085894 199978302 128662108 82584264 264772858 133884862 264199384 176259552 126800926 44862002 19721320 142672144 267321054 231997004
200802106 268435390 0 179287364 8192 249285750 267312118 132420624 257911718 144047908 249652748 175810858 20131318 251368940 220332544 268433390
134219860 198704898 268238334 127416756 178223038 67186688 2099264 260030202 258801514 217957706 16814592 131332 29376252 268435454 45175226 268435198
122350902 259812222 0 134201192 893444 239026542 197508490 262144 250608638 43515904 268435454 56361088 4233216 251396078 163282110 69009416
0 0 0 0 0 0 0 0 0 0 0 0 0 0 0 0
0 0 0 0 0 0 0 0 0 0 0 0 0 0 0 0
0 0 0 0 0 0 0 0 0 0 0 0 0 0 0 0
0 0 0 0 0 0 0 0 0 0 0 0 0 0 0 0
0 0 0 0 0 0 0 0 0 0 0 0 0 0 0 0
0 0 0 0 0 0 0 0 0 0 0 0 0 0 0 0
0 0 0 0 0 0 0 0 0 0 0 0 0 0 0 0
0 0 0 0 0 0 0 0 0 0 0 0 0 0 0 0
0 0 0 0 0 0 0 0 0 0 0 0 0 0 0 0
0 0 0 0 0 0 0 0 0 0 0 0 0 0 0 0
0 0 0 0 0 0 0 0 0 0 0 0 0 0 0 0
0 0 0 0 0 0 0 0 0 0 0 0 0 0 0 0
0 0 0 0 0 0 0 0 0 0 0 0 0 0 0 0
0 0 0 0 0 0 0 0 0 0 0 0 0 0 0 0
0 0 0 0 0 0 0 0 0 0 0 0 0 0 0 0
0 0 0 0 0 0 0 0 0 0 0 0 0 0 0 0
3527063286 4202692606 1499201388 2808068606 184324 4248844270 2253396040 4125752702 2130673642 440404482 1207947500 0 37528 2048 304612392 1677789184
536873760 4026527630 0 2121528566 1074076672 4294967294 1623719936 3724426472 3628167968 4294959030 2415919490 4043196334 4025677162 0 2113840862 4206784382
2147748286 4260364286 2438863796 3552574958 3080186366 273246730 1048832 1363669156 536870914 807805876 154208768 2270491220 4160192510 4035504632 1114242 260
2718081024 2223511552 1376289442 4294967166 3917458928 3731740594 280004610 4 3196059514 82470902 4251508478 16384 1046920012 0 186803200 1538743294
8056 32767 31998 29565 2120 32409 4158 32732 16363 34 31623 0 26705 2048 4103 4164
770 32663 0 28622 514 32767 16 26619 26800 31727 4676 9596 28543 22528 16375 30543
1424 32751 6140 32059 16119 4866 0 30142 4168 17570 10140 11648 28413 32246 16384 32
2496 8236 5776 32767 32601 32507 16467 0 28671 23442 24062 0 28670 0 33 8015
0 0 0 0 0 0 0 0 0 0 0 0 0 0 0 0
0 0 0 0 0 0 0 0 0 0 0 0 0 0 0 0
0 0 0 0 0 0 0 0 0 0 0 0 0 0 0 0
0 0 0 0 0 0 0 0 0 0 0 0 0 0 0 0
0 0 0 0 0 0 0 0 0 0 0 0 0 0 0 0
0 0 0 0 0 0 0 0 0 0 0 0 0 0 0 0
0 0 0 0 0 0 0 0 0 0 0 0 0 0 0 0
0 0 0 0 0 0 0 0 0 0 0 0 0 0 0 0
0 0 0 0 0 0 0 0 0 0 0 0 0 0 0 0
0 0 0 0 0 0 0 0 0 0 0 0 0 0 0 0
0 0 0 0 0 0 0 0 0 0 0 0 0 0 0 0
0 0 0 0 0 0 0 0 0 0 0 0 0 0 0 0
2142238574 940195414 755463434 2571111478 1597048086 4294965246 2410218388 4121697976 4138638332 2970618648 2755423696 3989822974 4294967294 4290764638 3239581186 4003461870
34603112 4294967166 2453840384 3321362374 3969129488 2138426366 2534798782 3353905910 3888113548 4294967036 445687500 1095024962 4294967294 138936320 519389148 4294899186
2357607622 3225632380 3348855670 402938160 3403813014 11014208 3788914590 1080719444 336324716 2147219950 3167857634 393864828 4293910486 2164263424 27419144 1245296060
4194432 4294705146 2627598878 4158119906 4294180862 2147483646 2752282912 36702776 4096 4293917426 3757046494 2700897520 37748736 2046722012 4292870134 0
483195 436264 153180 22016 279178 524287 132619 4219 343039 495644 37688 260094 524287 524031 642 523579
295936 458750 429838 484662 131086 471035 327645 234987 388599 524287 139264 5172 524287 1298 434623 524031
288 6865 256921 17467 259771 393356 224559 310347 209167 505599 404723 404250 253694 357002 72715 503774
164872 524287 477851 415231 442355 516095 148737 330504 165957 486911 524285 244471 1537 196601 251887 0
0 0 0 0 0 0 0 0 0 0 0 0 0 0 0 0
0 0 0 0 0 0 0 0 0 0 0 0 0 0 0 0
0 0 0 0 0 0 0 0 0 0 0 0 0 0 0 0
0 0 0 0 0 0 0 0 0 0 0 0 0 0 0 0
0 0 0 0 0 0 0 0 0 0 0 0 0 0 0 0
0 0 0 0 0 0 0 0 0 0 0 0 0 0 0 0
0 0 0 0 0 0 0 0 0 0 0 0 0 0 0 0
0 0 0 0 0 0 0 0 0 0 0 0 0 0 0 0
0 0 0 0 0 0 0 0 0 0 0 0 0 0 0 0
0 0 0 0 0 0 0 0 0 0 0 0 0 0 0 0
0 0 0 0 0 0 0 0 0 0 0 0 0 0 0 0
0 0 0 0 0 0 0 0 0 0 0 0 0 0 0 0
3967506900 1619017792 3047632244 8781824 2805657230 2147483642 4293910462 4265606142 1446671464 65536 14692872 1574287778 3726234140 88080418 3289629604 1493994768
4294442748 3186408438 3755864062 3989503806 173528940 4160421822 32770 1021303114 3374970424 11550784 1207996416 3254803586 2005533106 2810773020 4227837934 4073760772
2662333166 4277649150 486547460 1138727924 151585792 1426399256 3355440102 2656945550 674802586 3204248996 4294967294 4294443006 5046274 3749445374 528424 131072
4294705146 1210056736 191917010 2146053208 1027260658 2996729338 312019472 3730800126 2078734334 67174436 954936526 2049100670 1875885950 3663582526 2145112998 199753728
0 0 0 0 0 0 0 0 0 0 0 0 0 0 0 0
0 0 0 0 0 0 0 0 0 0 0 0 0 0 0 0
0 0 0 0 0 0 0 0 0 0 0 0 0 0 0 0
0 0 0 0 0 0 0 0 0 0 0 0 0 0 0 0
0 0 0 0 0 0 0 0 0 0 0 0 0 0 0 0
0 0 0 0 0 0 0 0 0 0 0 0 0 0 0 0
0 0 0 0 0 0 0 0 0 0 0 0 0 0 0 0
0 0 0 0 0 0 0 0 0 0 0 0 0 0 0 0
0 0 0 0 0 0 0 0 0 0 0 0 0 0 0 0
0 0 0 0 0 0 0 0 0 0 0 0 0 0 0 0
0 0 0 0 0 0 0 0 0 0 0 0 0 0 0 0
0 0 0 0 0 0 0 0 0 0 0 0 0 0 0 0
0 0 0 0 0 0 0 0 0 0 0 0 0 0 0 0
0 0 0 0 0 0 0 0 0 0 0 0 0 0 0 0
0 0 0 0 0 0 0 0 0 0 0 0 0 0 0 0
0 0 0 0 0 0 0 0 0 0 0 0 0 0 0 0
2041305292 4160747518 270464 143091712 54788624 1907044374 2173834120 1311762 138448004 3477860254 8200 2145382326 4096 277955544 4083646398 738196442
0 656564992 1445749344 1791961314 1071586738 3856089368 1654582294 4294705086 68182016 418881086 134217984 2113392630 865695198 545259528 265232 136610048
1902508208 1107304456 2807561194 2952723934 613623832 4173198518 1947504724 2373846882 607180000 3598581662 9478164 1589476 2862639756 1040187004 2935748606 587204096
3653464356 4292870142 4294966782 2147196926 8388810 528388 256 4294950910 1052311066 277119104 3690463230 1094745696 4294965246 3543214706 24604 1555300350
1 1 0 0 0 0 0 0 0 1 0 1 0 0 0 1
0 0 1 0 0 0 0 1 0 0 0 0 0 0 1 0
1 0 1 1 0 0 0 0 1 0 1 0 0 1 1 0
1 1 0 1 0 0 0 1 0 1 0 0 1 0 0 1
0 0 0 0 0 0 0 0 0 0 0 0 0 0 0 0
0 0 0 0 0 0 0 0 0 0 0 0 0 0 0 0
0 0 0 0 0 0 0 0 0 0 0 0 0 0 0 0
0 0 0 0 0 0 0 0 0 0 0 0 0 0 0 0
0 0 0 0 0 0 0 0 0 0 0 0 0 0 0 0
0 0 0 0 0 0 0 0 0 0 0 0 0 0 0 0
0 0 0 0 0 0 0 0 0 0 0 0 0 0 0 0
0 0 0 0 0 0 0 0 0 0 0 0 0 0 0 0
0 0 0 0 0 0 0 0 0 0 0 0 0 0 0 0
0 0 0 0 0 0 0 0 0 0 0 0 0 0 0 0
0 0 0 0 0 0 0 0 0 0 0 0 0 0 0 0
0 0 0 0 0 0 0 0 0 0 0 0 0 0 0 0
72885378 541073476 0 1073741822 138412036 136589072 964689854 67322882 255801210 631927702 733902058 975664390 33685504 0 9830808 534773758
1072693118 481290586 47169750 536640 547377952 476851916 76578954 597536626 939237118 255734728 1063780340 1065344498 167772160 204237654 402440126 662500338
0 654310090 766472612 217516990 363861920 137248922 981458814 20976648 1048576 17387552 499489636 1006620670 134349120 328649388 204945308 134742146
256 287321650 729513980 814815714 1067184042 1152 986273812 409289662 939524094 33554944 510761174 931101694 730365912 841887626 757275176 796055010
0 0 0 0 0 0 0 0 0 0 0 0 0 0 0 0
0 0 0 0 0 0 0 0 0 0 0 0 0 0 0 0
0 0 0 0 0 0 0 0 0 0 0 0 0 0 0 0
0 0 0 0 0 0 0 0 0 0 0 0 0 0 0 0
0 0 0 0 0 0 0 0 0 0 0 0 0 0 0 0
0 0 0 0 0 0 0 0 0 0 0 0 0 0 0 0
0 0 0 0 0 0 0 0 0 0 0 0 0 0 0 0
0 0 0 0 0 0 0 0 0 0 0 0 0 0 0 0
0 0 0 0 0 0 0 0 0 0 0 0 0 0 0 0
0 0 0 0 0 0 0 0 0 0 0 0 0 0 0 0
0 0 0 0 0 0 0 0 0 0 0 0 0 0 0 0
0 0 0 0 0 0 0 0 0 0 0 0 0 0 0 0
0 0 0 0 0 0 0 0 0 0 0 0 0 0 0 0
0 0 0 0 0 0 0 0 0 0 0 0 0 0 0 0
0 0 0 0 0 0 0 0 0 0 0 0 0 0 0 0
0 0 0 0 0 0 0 0 0 0 0 0 0 0 0 0
1039209184 285281344 2248687620 4292783806 4294967294 2069755006 131072 67108864 4294172670 2209585786 287311888 4227300478 296207258 33554432 1915921862 2449736898
4293914366 2686935048 4294967294 3168124156 4258757238 1073807364 4288873060 4275027070 4283612926 704856064 1073741824 1066256594 822099972 4017016730 2148026624 3457927904
1993257044 44041508 69206016 0 4294967262 2052906238 3602759294 65536 4294967294 269684936 6557096 2078261980 4277665726 2129480166 3785970074 3674539350
1056241862 18876608 3760987112 3992778188 269224576 8 1841125086 3018355918 543228424 2892266084 3106261408 540147820 4294967294 570458124 79697924 491174530
11 4 4 7 15 13 9 0 15 10 1 7 6 0 2 0
15 8 15 15 12 12 1 15 15 6 0 4 7 4 10 4
9 4 8 2 11 15 2 0 15 1 0 7 15 9 8 7
5 0 12 6 5 0 9 8 4 15 14 8 15 2 12 11
0 0 0 0 0 0 0 0 0 0 0 0 0 0 0 0
0 0 0 0 0 0 0 0 0 0 0 0 0 0 0 0
0 0 0 0 0 0 0 0 0 0 0 0 0 0 0 0
0 0 0 0 0 0 0 0 0 0 0 0 0 0 0 0
0 0 0 0 0 0 0 0 0 0 0 0 0 0 0 0
0 0 0 0 0 0 0 0 0 0 0 0 0 0 0 0
0 0 0 0 0 0 0 0 0 0 0 0 0 0 0 0
0 0 0 0 0 0 0 0 0 0 0 0 0 0 0 0
0 0 0 0 0 0 0 0 0 0 0 0 0 0 0 0
0 0 0 0 0 0 0 0 0 0 0 0 0 0 0 0
0 0 0 0 0 0 0 0 0 0 0 0 0 0 0 0
0 0 0 0 0 0 0 0 0 0 0 0 0 0 0 0
2154324000 268435744 942185514 4294836156 3898335504 1647248344 2261609538 2995390100 16777364 2126509818 3686603606 269484052 4227853934 3793360304 2595997374 3757703166
4289953766 34116096 2163696740 1302221922 494032334 4294959092 268435456 2217231952 1385284432 2686583040 4244242170 628152352 805306368 1696228386 541851776 4259315644
4294897646 1657528318 1270375212 543162368 3388344526 4245422044 2586843742 4294699994 3086876558 4292870142 4023384058 1843649516 2147516496 4294705134 4194293742 4227595514
285362260 2147466238 4196352 268583470 4159176702 2410225660 2097152 1858060286 285491348 931335142 4151967598 3498082304 1069235510 610148376 4290772990 0
2 4 0 5 5 1 2 5 4 7 6 0 7 3 7 6
7 6 7 5 1 7 0 0 3 0 7 0 4 3 2 7
4 6 6 0 7 7 3 7 3 6 7 2 1 6 7 7
2 7 0 4 5 6 0 7 0 0 3 4 6 5 7 1
0 0 0 0 0 0 0 0 0 0 0 0 0 0 0 0
0 0 0 0 0 0 0 0 0 0 0 0 0 0 0 0
0 0 0 0 0 0 0 0 0 0 0 0 0 0 0 0
0 0 0 0 0 0 0 0 0 0 0 0 0 0 0 0
0 0 0 0 0 0 0 0 0 0 0 0 0 0 0 0
0 0 0 0 0 0 0 0 0 0 0 0 0 0 0 0
0 0 0 0 0 0 0 0 0 0 0 0 0 0 0 0
0 0 0 0 0 0 0 0 0 0 0 0 0 0 0 0
0 0 0 0 0 0 0 0 0 0 0 0 0 0 0 0
0 0 0 0 0 0 0 0 0 0 0 0 0 0 0 0
0 0 0 0 0 0 0 0 0 0 0 0 0 0 0 0
0 0 0 0 0 0 0 0 0 0 0 0 0 0 0 0
200276732 17424 230827328 109618992 99596534 17825792 144732800 72257616 217853932 239729538 267758974 184546170 207448144 131198950 201410692 268435454
17105160 261090806 70451200 268435438 268007196 221833070 117690328 182702030 32652086 229390044 117150534 69632 241856898 151003528 256 65536
268435454 53087734 268435454 33554432 174216868 209781312 127604888 171767790 106956042 81937468 132611838 220130614 135274918 46163970 1704258 524288
227652944 79270914 229904124 35617980 2097220 161710394 268435454 268435390 67110018 64376906 267900766 108768192 268417018 267973180 202665628 0
0 0 0 0 0 0 0 0 0 0 0 0 0 0 0 0
0 0 0 0 0 0 0 0 0 0 0 0 0 0 0 0
0 0 0 0 0 0 0 0 0 0 0 0 0 0 0 0
0 0 0 0 0 0 0 0 0 0 0 0 0 0 0 0
0 0 0 0 0 0 0 0 0 0 0 0 0 0 0 0
0 0 0 0 0 0 0 0 0 0 0 0 0 0 0 0
0 0 0 0 0 0 0 0 0 0 0 0 0 0 0 0
0 0 0 0 0 0 0 0 0 0 0 0 0 0 0 0
0 0 0 0 0 0 0 0 0 0 0 0 0 0 0 0
0 0 0 0 0 0 0 0 0 0 0 0 0 0 0 0
0 0 0 0 0 0 0 0 0 0 0 0 0 0 0 0
0 0 0 0 0 0 0 0 0 0 0 0 0 0 0 0
0 0 0 0 0 0 0 0 0 0 0 0 0 0 0 0
0 0 0 0 0 0 0 0 0 0 0 0 0 0 0 0
0 0 0 0 0 0 0 0 0 0 0 0 0 0 0 0
0 0 0 0 0 0 0 0 0 0 0 0 0 0 0 0
134234112 4294967294 240154032 4294966782 4294964982 4294836222 768449952 0 209756160 224920648 1206910894 1024 2946896490 1016856752 969602548 1575862014
537919490 68702288 4127195134 4294443006 3763348518 3101803414 4294967294 1343229992 2102253086 4294965246 1059782426 2464392818 1241551872 3413622222 8404992 243549202
3449578028 1908229750 3716639670 3221225470 2650998950 4093111214 79849702 2588752582 2589899194 4018069068 33571866 4278189054 339574508 4055866496 1937288292 4293361662
4294836222 800052206 1591476190 1429495360 4260364246 1383322178 3309007444 3578401064 3351189882 1245328 4156555262 4143970302 2384132 3321973072 3212246782 1099043608
0 7 4 7 7 7 2 0 0 2 7 0 0 4 5 7
0 0 7 7 4 2 7 4 5 7 3 1 0 7 0 0
0 3 7 7 4 7 4 2 7 2 4 7 6 3 0 7
7 0 7 7 7 2 1 6 3 3 5 5 0 1 7 3
0 0 0 0 0 0 0 0 0 0 0 0 0 0 0 0
0 0 0 0 0 0 0 0 0 0 0 0 0 0 0 0
0 0 0 0 0 0 0 0 0 0 0 0 0 0 0 0
0 0 0 0 0 0 0 0 0 0 0 0 0 0 0 0
0 0 0 0 0 0 0 0 0 0 0 0 0 0 0 0
0 0 0 0 0 0 0 0 0 0 0 0 0 0 0 0
0 0 0 0 0 0 0 0 0 0 0 0 0 0 0 0
0 0 0 0 0 0 0 0 0 0 0 0 0 0 0 0
0 0 0 0 0 0 0 0 0 0 0 0 0 0 0 0
0 0 0 0 0 0 0 0 0 0 0 0 0 0 0 0
0 0 0 0 0 0 0 0 0 0 0 0 0 0 0 0
0 0 0 0 0 0 0 0 0 0 0 0 0 0 0 0
753892478 1438246178 0 2371557210 1977055730 16777232 1109281318 3758096382 8424448 1948287090 4 1400453258 1089733760 168811244 4290707326 3183394558
4260216204 2066610910 1943271608 135383552 3453869950 553118806 2416488960 8393738 2948595692 12748208 4293863394 2411134454 4293918718 0 4254785514 4062314604
2244533492 428783948 1078305928 0 3947757454 1558327398 209043744 3586399316 272708688 2225923624 1502107330 76820482 4292849534 3447651486 2685468800 3017799262
538481776 3758096382 4294031110 0 136314944 1617030280 2210955328 3975593974 3053444602 4294967294 536873032 8 704662802 64 4177264482 4090492414
910 983 4 170 1023 0 33 1019 64 147 0 292 632 537 1019 1015
895 767 533 128 989 658 27 133 762 418 1007 573 1015 0 907 193
412 24 544 0 767 263 579 100 0 48 517 47 862 511 7 702
230 1022 1023 0 2 924 256 1015 883 1023 16 0 0 296 889 1007
0 0 0 0 0 0 0 0 0 0 0 0 0 0 0 0
0 0 0 0 0 0 0 0 0 0 0 0 0 0 0 0
0 0 0 0 0 0 0 0 0 0 0 0 0 0 0 0
0 0 0 0 0 0 0 0 0 0 0 0 0 0 0 0
0 0 0 0 0 0 0 0 0 0 0 0 0 0 0 0
0 0 0 0 0 0 0 0 0 0 0 0 0 0 0 0
0 0 0 0 0 0 0 0 0 0 0 0 0 0 0 0
0 0 0 0 0 0 0 0 0 0 0 0 0 0 0 0
0 0 0 0 0 0 0 0 0 0 0 0 0 0 0 0
0 0 0 0 0 0 0 0 0 0 0 0 0 0 0 0
0 0 0 0 0 0 0 0 0 0 0 0 0 0 0 0
0 0 0 0 0 0 0 0 0 0 0 0 0 0 0 0
2551149948 16778240 67117632 2003941018 1218245896 3522227800 2117291628 1140678838 35701762 1217076792 239239442 6228 256165548 2667216738 4286315518 536911912
4082539320 2553291348 4292798974 3958373598 3220143870 2483897012 1144020472 3747479478 1194980870 1830031112 551179664 4294704894 2113917950 2456829996 2481295368 63002560
2113863614 1569944800 907408512 3225792640 8392848 3210442062 1619154180 403182094 65668 945820196 1890585050 3344056356 3218062262 4294967230 2418025492 1583678356
8396800 138416132 3690876910 2151555584 8413186 3676160 4289978364 2621472 199151000 555757088 3494119472 2160683728 524816514 1615126672 152046378 2583674810
28 0 120 107 93 120 112 71 23 44 0 74 11 95 127 6
115 40 123 103 125 14 51 57 104 84 16 123 95 0 102 121
47 6 33 37 0 92 22 8 17 50 54 13 122 127 78 2
0 2 95 3 68 5 120 0 108 26 103 35 32 65 17 126
0 0 0 0 0 0 0 0 0 0 0 0 0 0 0 0
0 0 0 0 0 0 0 0 0 0 0 0 0 0 0 0
0 0 0 0 0 0 0 0 0 0 0 0 0 0 0 0
0 0 0 0 0 0 0 0 0 0 0 0 0 0 0 0
0 0 0 0 0 0 0 0 0 0 0 0 0 0 0 0
0 0 0 0 0 0 0 0 0 0 0 0 0 0 0 0
0 0 0 0 0 0 0 0 0 0 0 0 0 0 0 0
0 0 0 0 0 0 0 0 0 0 0 0 0 0 0 0
0 0 0 0 0 0 0 0 0 0 0 0 0 0 0 0
0 0 0 0 0 0 0 0 0 0 0 0 0 0 0 0
0 0 0 0 0 0 0 0 0 0 0 0 0 0 0 0
0 0 0 0 0 0 0 0 0 0 0 0 0 0 0 0
3731207032 3204366334 671228424 4261412862 1473248954 3216764926 4227726462 75722430 3216998270 2952682492 2363392 368934910 2138953340 2075649278 4294967294 2843809922
4292829166 2273287150 4294967294 2894884234 20258816 1857854310 1198724 864953040 4294963198 4098 1110721368 134217792 2139062044 1798482794 3208605592 4092984060
4154191854 2890924324 2064 153289810 286606432 4294967294 3681807262 3502916362 3825196542 281690572 8200 2239907456 367697852 2559789328 4294967294 3755982382
1557080410 4085226480 3217031166 2147434478 779193328 4294959102 4268752734 4294704378 3190873630 80576516 3145734 2390763958 3350117542 1964942338 2141107738 3877420076
4 7 2 7 7 7 6 4 7 5 0 6 4 2 7 0
5 7 7 7 2 6 1 6 7 0 7 0 7 1 5 5
5 0 0 5 6 7 7 5 7 3 0 1 6 6 7 4
4 1 7 6 3 7 7 7 7 1 0 0 6 3 0 0
0 0 0 0 0 0 0 0 0 0 0 0 0 0 0 0
0 0 0 0 0 0 0 0 0 0 0 0 0 0 0 0
0 0 0 0 0 0 0 0 0 0 0 0 0 0 0 0
0 0 0 0 0 0 0 0 0 0 0 0 0 0 0 0
0 0 0 0 0 0 0 0 0 0 0 0 0 0 0 0
0 0 0 0 0 0 0 0 0 0 0 0 0 0 0 0
0 0 0 0 0 0 0 0 0 0 0 0 0 0 0 0
0 0 0 0 0 0 0 0 0 0 0 0 0 0 0 0
0 0 0 0 0 0 0 0 0 0 0 0 0 0 0 0
0 0 0 0 0 0 0 0 0 0 0 0 0 0 0 0
0 0 0 0 0 0 0 0 0 0 0 0 0 0 0 0
0 0 0 0 0 0 0 0 0 0 0 0 0 0 0 0
2709398844 2373058022 1744564222 2198923062 2284481640 33556480 2772542568 1817903426 4278185982 826351692 4261401598 16777216 4294967294 1713956566 2968033514 4202516
134217730 3490277582 1855491410 3758096244 3511478280 485627976 2147483646 4293916092 1006930772 4163323894 3849191920 109598984 4133187658 1577025342 4261412862 4292867762
262144 2249823242 1897758728 3764417634 512 1572866 1828425968 3405117692 46642402 291504384 869806682 2046131132 2187364376 67637248 33619968 4026530798
1144194280 4293851102 16788490 3027388648 2127275486 167772176 18882560 4025451966 2023157588 1659375784 805308864 541081664 4294967294 538050898 2482240638 4294967292
178171 192983 257022 65486 514 32 188524 44036 261998 36424 258047 512 262143 143857 1296 274
2112 18098 33792 259063 216911 2833 262143 261887 238918 175863 247704 158658 238157 262015 196607 252927
32 149969 170453 16624 64 2049 53817 178007 186710 18432 73992 195565 176512 24 0 253943
137672 57277 1024 253655 98253 340 73752 229373 174008 21784 1281 8192 262143 66375 262061 262143
0 0 0 0 0 0 0 0 0 0 0 0 0 0 0 0
0 0 0 0 0 0 0 0 0 0 0 0 0 0 0 0
0 0 0 0 0 0 0 0 0 0 0 0 0 0 0 0
0 0 0 0 0 0 0 0 0 0 0 0 0 0 0 0
0 0 0 0 0 0 0 0 0 0 0 0 0 0 0 0
0 0 0 0 0 0 0 0 0 0 0 0 0 0 0 0
0 0 0 0 0 0 0 0 0 0 0 0 0 0 0 0
0 0 0 0 0 0 0 0 0 0 0 0 0 0 0 0
0 0 0 0 0 0 0 0 0 0 0 0 0 0 0 0
0 0 0 0 0 0 0 0 0 0 0 0 0 0 0 0
0 0 0 0 0 0 0 0 0 0 0 0 0 0 0 0
0 0 0 0 0 0 0 0 0 0 0 0 0 0 0 0
136315648 73554704 2950225576 2021751970 2920592402 549072912 2745111514 16 1878752950 4294967294 3049953560 4244622458 4294967294 1795162102 4164673920 4224318462
1545642496 3185568348 3091859674 2726562832 8652800 1109414586 3659143712 4292869630 822706192 0 4268044844 3238527120 3158909240 2470709396 4007640024 3623874558
3249605806 2212050752 4294967294 1942441588 1170996342 2280829536 3891265534 612508980 2147078718 2661048718 2580280312 2080 4294967294 541216896 67121176 4294835198
82850178 3740762110 3195008894 2101760 2636706820 536887296 1050624 4279065550 3383113326 2218844210 1207982090 3504491792 33792 3089419006 4127153142 4227857910
0 7233748 6547070 2189068 6922325 145 5371750 0 8273393 8388575 3669949 5398391 8388607 6256603 4277970 8387007
197123 8379885 4540809 20228 512 536683 4381834 8388606 6365616 640 766451 34880 2232916 1056105 8388459 8388607
208742 6110496 8388607 7643542 156386 3622297 8387583 2106145 7893879 3212321 2643154 4 8388607 1024 4724812 8388607
6359920 4193151 8044543 2115696 4739332 16 32768 8290295 2571090 199467 2939705 6800397 4325408 5582013 7026671 6287359
0 0 0 0 0 0 0 0 0 0 0 0 0 0 0 0
0 0 0 0 0 0 0 0 0 0 0 0 0 0 0 0
0 0 0 0 0 0 0 0 0 0 0 0 0 0 0 0
0 0 0 0 0 0 0 0 0 0 0 0 0 0 0 0
0 0 0 0 0 0 0 0 0 0 0 0 0 0 0 0
0 0 0 0 0 0 0 0 0 0 0 0 0 0 0 0
0 0 0 0 0 0 0 0 0 0 0 0 0 0 0 0
0 0 0 0 0 0 0 0 0 0 0 0 0 0 0 0
0 0 0 0 0 0 0 0 0 0 0 0 0 0 0 0
0 0 0 0 0 0 0 0 0 0 0 0 0 0 0 0
0 0 0 0 0 0 0 0 0 0 0 0 0 0 0 0
0 0 0 0 0 0 0 0 0 0 0 0 0 0 0 0
4294967290 0 4160421178 3621861702 3077568942 1448239912 4278179804 3040240322 275968760 262146 4040832950 4294967294 134386708 2812119022 1638346470 351441638
252655220 2009067258 4292640208 4160733182 2011823998 4294434794 1401875966 3959128054 4294835002 681576704 4227858430 33563776 3212819198 4261210086 537526276 3145725950
834732816 0 4294967294 1083179268 3663560396 3349020588 4294836222 987892826 1885098082 159383560 2840257644 1844961118 18897024 2139093950 134217760 150995984
2560 2239808546 3687411626 1050816 134881792 3653238778 2147481022 535871292 2721303548 4294893502 131074 3923555704 3958374382 1948910144 2483244576 1617951860
127 0 127 63 127 10 126 18 45 4 62 119 3 106 30 49
58 110 123 127 102 95 56 50 95 25 127 0 54 41 8 127
2 0 127 80 95 110 127 33 66 8 31 47 16 62 0 0
0 9 119 0 38 45 127 118 109 117 18 26 53 0 90 13
0 0 0 0 0 0 0 0 0 0 0 0 0 0 0 0
0 0 0 0 0 0 0 0 0 0 0 0 0 0 0 0
0 0 0 0 0 0 0 0 0 0 0 0 0 0 0 0
0 0 0 0 0 0 0 0 0 0 0 0 0 0 0 0
0 0 0 0 0 0 0 0 0 0 0 0 0 0 0 0
0 0 0 0 0 0 0 0 0 0 0 0 0 0 0 0
0 0 0 0 0 0 0 0 0 0 0 0 0 0 0 0
0 0 0 0 0 0 0 0 0 0 0 0 0 0 0 0
0 0 0 0 0 0 0 0 0 0 0 0 0 0 0 0
0 0 0 0 0 0 0 0 0 0 0 0 0 0 0 0
0 0 0 0 0 0 0 0 0 0 0 0 0 0 0 0
0 0 0 0 0 0 0 0 0 0 0 0 0 0 0 0
4127948732 0 4278190078 4294705118 4294967294 542928896 1110492928 2909878776 4196890552 3216764414 68428848 1091094528 3755998718 3732054642 2281710368 1626071272
679872548 3094995790 810791172 2130149158 2939810684 268435520 2810205602 3740513710 4177517478 3959357374 4227588 4294934526 3564197522 16782088 0 3221215230
1142296068 4292841638 36 1064218582 2488289364 4294819838 2189856264 4294967292 4293751742 2956073476 2680651498 4278149114 4276354894 2156397632 1685228722 72
4139741182 4289723772 4233861310 0 525602 159466496 143164484 3740251822 407142912 144878692 1097860172 4144609554 604098954 3992436072 3187367924 1275321354
897494 0 1046523 916991 1048575 3336 45066 524378 654990 850937 53449 155651 1005502 471935 558086 39037
131074 878159 569400 1048511 961730 32808 770632 904175 216743 786431 526610 1031135 339914 332293 32768 1048575
12497 1046239 8 833521 657409 1048559 342939 786431 765535 265252 70913 720606 916927 14336 450313 0
524286 1043879 946425 0 21800 82000 356352 687579 33448 530976 763499 225189 278952 715836 373749 213212
0 0 0 0 0 0 0 0 0 0 0 0 0 0 0 0
0 0 0 0 0 0 0 0 0 0 0 0 0 0 0 0
0 0 0 0 0 0 0 0 0 0 0 0 0 0 0 0
0 0 0 0 0 0 0 0 0 0 0 0 0 0 0 0
0 0 0 0 0 0 0 0 0 0 0 0 0 0 0 0
0 0 0 0 0 0 0 0 0 0 0 0 0 0 0 0
0 0 0 0 0 0 0 0 0 0 0 0 0 0 0 0
0 0 0 0 0 0 0 0 0 0 0 0 0 0 0 0
0 0 0 0 0 0 0 0 0 0 0 0 0 0 0 0
0 0 0 0 0 0 0 0 0 0 0 0 0 0 0 0
0 0 0 0 0 0 0 0 0 0 0 0 0 0 0 0
0 0 0 0 0 0 0 0 0 0 0 0 0 0 0 0
409469188 0 1344759868 4278053554 570787880 2537185294 37754912 1737596880 4227801084 1749024832 3122401376 2153829006 4294967286 268468224 4244627258 65792
4326400 3362693338 4281768382 538008832 4294967294 16384 3754686454 10452 2419739790 2348775484 2147483638 1196465656 2128810360 3222799520 4294950398 4294967286
3151395826 3204445090 116911102 2950627230 4290764734 151691296 221184 4017717182 33701890 3221225470 0 78223234 16777472 4294967294 2146563838 2877436250
0 2147483644 4291805180 3220921850 4294967294 2661285356 3690987450 3722444766 1078337536 4294967294 268771328 1556934070 2430664738 1088 1048576 4256875218
4817 4 70572 374783 674365 369627 40993 102143 1032191 103218 311869 148627 1048575 0 964591 16388
270596 913793 433891 524571 1048575 512 1047551 262208 977460 573371 917231 183581 626683 262432 1048575 1048575
699748 1048430 192489 1023739 998398 659782 2176 230899 393240 1048575 131072 19404 0 1030143 523129 410144
0 491519 1048575 257307 1048575 1015303 949246 1007413 559392 1048575 4100 1048447 442628 0 65664 691788
0 0 0 0 0 0 0 0 0 0 0 0 0 0 0 0
0 0 0 0 0 0 0 0 0 0 0 0 0 0 0 0
0 0 0 0 0 0 0 0 0 0 0 0 0 0 0 0
0 0 0 0 0 0 0 0 0 0 0 0 0 0 0 0
0 0 0 0 0 0 0 0 0 0 0 0 0 0 0 0
0 0 0 0 0 0 0 0 0 0 0 0 0 0 0 0
0 0 0 0 0 0 0 0 0 0 0 0 0 0 0 0
0 0 0 0 0 0 0 0 0 0 0 0 0 0 0 0
0 0 0 0 0 0 0 0 0 0 0 0 0 0 0 0
0 0 0 0 0 0 0 0 0 0 0 0 0 0 0 0
0 0 0 0 0 0 0 0 0 0 0 0 0 0 0 0
0 0 0 0 0 0 0 0 0 0 0 0 0 0 0 0
2228748 4055755702 3486269578 2017496832 1494887616 2147467006 270532952 4294967294 3690920954 285737776 8421504 3187408892 159837008 0 3707690772 2764680884
0 3627382372 3748518898 1180254910 1900804 1018127790 358760448 3989956350 3863585368 2517786834 4212953086 2076147190 4225759070 3221841072 557056 293685262
3991875028 3113596798 1967943586 3254829592 524288 3623401182 160 4294967038 1355850510 2146304 1927282686 197650 83954308 0 2706482258 1610612670
3014369154 1841789974 137396368 858555328 1073425854 4294967294 4294967294 2419340534 1876219850 1152 4294848510 2 4263952 2019477210 132 1873598462
0 1020 264 516 544 1023 0 1023 935 513 0 766 898 0 878 757
0 106 989 687 41 1019 33 117 453 864 510 1007 355 4 2 192
669 397 210 98 4 687 0 1023 852 0 895 320 0 256 0 1022
535 284 256 645 1023 1023 1022 770 19 32 823 32 1 798 0 1023
0 0 0 0 0 0 0 0 0 0 0 0 0 0 0 0
0 0 0 0 0 0 0 0 0 0 0 0 0 0 0 0
0 0 0 0 0 0 0 0 0 0 0 0 0 0 0 0
0 0 0 0 0 0 0 0 0 0 0 0 0 0 0 0
0 0 0 0 0 0 0 0 0 0 0 0 0 0 0 0
0 0 0 0 0 0 0 0 0 0 0 0 0 0 0 0
0 0 0 0 0 0 0 0 0 0 0 0 0 0 0 0
0 0 0 0 0 0 0 0 0 0 0 0 0 0 0 0
0 0 0 0 0 0 0 0 0 0 0 0 0 0 0 0
0 0 0 0 0 0 0 0 0 0 0 0 0 0 0 0
0 0 0 0 0 0 0 0 0 0 0 0 0 0 0 0
0 0 0 0 0 0 0 0 0 0 0 0 0 0 0 0
2052 2679764390 3214923756 2141191934 3489654620 4294704630 2849930494 3750915550 50895456 4004649202 2386592586 1363214434 554715402 3145163098 11011674 2281832776
3722268606 1107872420 2591035418 3225232256 3892296662 2458203332 1931485442 2736931652 3571497884 2383157742 4294963198 3715170302 545521664 67108864 151132160 1064173542
839564246 4261277630 476848384 235176456 105140632 4290772990 4154169292 4252401662 260689692 3174796034 816267288 2113922796 4294967292 4294897662 176161024 710139794
1722059218 2817365876 4294934524 0 25171968 2919200684 2817930738 4294967294 3063333090 0 1432418834 2185233408 3293880320 2072031534 3312802836 4181561336
96 1791 2041 2027 1903 2047 759 106 161 1903 595 112 101 1503 0 1053
1151 1558 133 1946 1663 511 256 1642 256 1519 2047 1725 0 0 1031 2047
993 2045 282 576 285 2047 1778 2047 1790 1911 419 702 2047 2047 1057 2019
1513 175 1407 0 64 695 1687 2047 1531 0 1636 1128 136 1390 1224 2013
0 0 0 0 0 0 0 0 0 0 0 0 0 0 0 0
0 0 0 0 0 0 0 0 0 0 0 0 0 0 0 0
0 0 0 0 0 0 0 0 0 0 0 0 0 0 0 0
0 0 0 0 0 0 0 0 0 0 0 0 0 0 0 0
0 0 0 0 0 0 0 0 0 0 0 0 0 0 0 0
0 0 0 0 0 0 0 0 0 0 0 0 0 0 0 0
0 0 0 0 0 0 0 0 0 0 0 0 0 0 0 0
0 0 0 0 0 0 0 0 0 0 0 0 0 0 0 0
0 0 0 0 0 0 0 0 0 0 0 0 0 0 0 0
0 0 0 0 0 0 0 0 0 0 0 0 0 0 0 0
0 0 0 0 0 0 0 0 0 0 0 0 0 0 0 0
0 0 0 0 0 0 0 0 0 0 0 0 0 0 0 0
256 4286578686 4294967286 2687124132 2807248982 1246822816 2952790014 3220176830 3164598924 2105456806 468710458 4093489018 2109961204 809503232 0 288490502
4227584828 6815908 3483607200 4294967294 2925541842 2349165556 1727233790 4293918712 155783688 4294967294 2155872384 4130784728 4294967294 2274833540 2922803932 2088
276889600 4202628 4277533566 2451879250 499871570 2318630310 4294967294 4132089348 354330604 1301821954 2501058 16777216 2284390756 136658976 143166002 1310752
4294967294 3758096350 2745188864 2214790454 3631078266 8389184 4294967294 1321665794 4294967294 1531307078 4143972340 1405411908 552448 66880 3422632458 243672338
20736 2097151 2064373 1081424 1777876 24768 2071551 2094967 1568571 1293591 2084220 891149 389023 58432 2048 598083
1895508 102664 667400 2097151 44239 1898842 1961883 2096639 36096 1751038 327680 2093791 2097151 1360263 1769393 36900
1772544 266259 1048494 404161 724372 636389 2096639 39841 1353856 397988 524608 131072 1589360 32 262144 131088
2097151 917499 1523794 926235 1884270 296192 2097151 991667 2097151 205446 2031615 706153 294985 262144 278872 73818
0 0 0 0 0 0 0 0 0 0 0 0 0 0 0 0
0 0 0 0 0 0 0 0 0 0 0 0 0 0 0 0
0 0 0 0 0 0 0 0 0 0 0 0 0 0 0 0
0 0 0 0 0 0 0 0 0 0 0 0 0 0 0 0
0 0 0 0 0 0 0 0 0 0 0 0 0 0 0 0
0 0 0 0 0 0 0 0 0 0 0 0 0 0 0 0
0 0 0 0 0 0 0 0 0 0 0 0 0 0 0 0
0 0 0 0 0 0 0 0 0 0 0 0 0 0 0 0
0 0 0 0 0 0 0 0 0 0 0 0 0 0 0 0
0 0 0 0 0 0 0 0 0 0 0 0 0 0 0 0
0 0 0 0 0 0 0 0 0 0 0 0 0 0 0 0
0 0 0 0 0 0 0 0 0 0 0 0 0 0 0 0
502265780 268701696 536870910 2129920 532641758 520985078 527736530 75563008 11063824 96468744 401858300 2048 104924200 272630598 501470646 254895588
478852176 243251322 236799298 4194340 75715076 527142624 134349312 134245510 0 384146430 0 211377680 661968 335526782 43010 536342510
67248656 1048576 1049092 453671484 68249728 268959744 26526538 67072 203347594 276834304 294162626 379715062 385810418 117286044 384727842 531573694
209729826 261918462 528482142 200102650 406847470 230419926 536801246 84972182 54155776 202646544 417634840 536870718 32 502994168 457528450 24247648
0 0 0 0 0 0 0 0 0 0 0 0 0 0 0 0
0 0 0 0 0 0 0 0 0 0 0 0 0 0 0 0
0 0 0 0 0 0 0 0 0 0 0 0 0 0 0 0
0 0 0 0 0 0 0 0 0 0 0 0 0 0 0 0
0 0 0 0 0 0 0 0 0 0 0 0 0 0 0 0
0 0 0 0 0 0 0 0 0 0 0 0 0 0 0 0
0 0 0 0 0 0 0 0 0 0 0 0 0 0 0 0
0 0 0 0 0 0 0 0 0 0 0 0 0 0 0 0
0 0 0 0 0 0 0 0 0 0 0 0 0 0 0 0
0 0 0 0 0 0 0 0 0 0 0 0 0 0 0 0
0 0 0 0 0 0 0 0 0 0 0 0 0 0 0 0
0 0 0 0 0 0 0 0 0 0 0 0 0 0 0 0
0 0 0 0 0 0 0 0 0 0 0 0 0 0 0 0
0 0 0 0 0 0 0 0 0 0 0 0 0 0 0 0
0 0 0 0 0 0 0 0 0 0 0 0 0 0 0 0
0 0 0 0 0 0 0 0 0 0 0 0 0 0 0 0
42730888 9610322 8192 1856 64643070 23149568 0 13648140 52936588 21300388 51005568 18350080 35782912 67106750 16400 18319198
10371680 64356350 63300462 67108862 20635038 17977936 33595804 0 33292190 8314750 67108862 66903538 14567424 32390176 32225086 67033582
12510196 51126928 53405690 4194400 262144 8196 57347594 67108862 32768 67076094 0 7151338 0 2112 35139238 60607608
66584574 62879100 10748282 17567812 528 61988076 16386 34839824 29416604 12714048 32768 66060286 27504404 67108862 37692834 41943640
0 0 0 0 0 0 0 0 0 0 0 0 0 0 0 0
0 0 0 0 0 0 0 0 0 0 0 0 0 0 0 0
0 0 0 0 0 0 0 0 0 0 0 0 0 0 0 0
0 0 0 0 0 0 0 0 0 0 0 0 0 0 0 0
0 0 0 0 0 0 0 0 0 0 0 0 0 0 0 0
0 0 0 0 0 0 0 0 0 0 0 0 0 0 0 0
0 0 0 0 0 0 0 0 0 0 0 0 0 0 0 0
0 0 0 0 0 0 0 0 0 0 0 0 0 0 0 0
0 0 0 0 0 0 0 0 0 0 0 0 0 0 0 0
0 0 0 0 0 0 0 0 0 0 0 0 0 0 0 0
0 0 0 0 0 0 0 0 0 0 0 0 0 0 0 0
0 0 0 0 0 0 0 0 0 0 0 0 0 0 0 0
0 0 0 0 0 0 0 0 0 0 0 0 0 0 0 0
0 0 0 0 0 0 0 0 0 0 0 0 0 0 0 0
0 0 0 0 0 0 0 0 0 0 0 0 0 0 0 0
0 0 0 0 0 0 0 0 0 0 0 0 0 0 0 0
541696244 4294950910 4268315236 2139092670 1082130444 1090523312 4009663998 4294967294 4294404858 4294967294 1591595946 558114592 4294404036 1406986290 0 3217031166
152043520 1184891568 1257529536 274948 1208140432 4294967294 3539180884 1055873974 16384 3689937918 896755476 723137036 497154992 2565054512 33554432 283639858
1737449292 4227830728 421489846 855018578 3206499374 4276617206 4277927928 199533952 1212358914 542189638 4183288190 369369090 4294967294 2148139008 20972096 353380360
4294965166 1383655782 8459808 212992 1975893854 2147483648 4259815422 67125760 2164805100 3221225470 0 1611283472 2452772680 2066 268463416 4224188382
4359 65535 2328 65519 4097 44544 65527 65535 49147 65535 62684 546 46959 61497 0 62431
36864 4228 16386 60 28947 65407 7508 31598 61473 65375 128 16768 55151 430 1024 38434
20951 64489 24970 11411 22767 65527 15103 5650 53792 1217 49143 561 65535 1024 144 263
65517 8567 43048 0 48814 0 65531 4 17408 65535 16384 2736 490 128 37099 61432
0 0 0 0 0 0 0 0 0 0 0 0 0 0 0 0
0 0 0 0 0 0 0 0 0 0 0 0 0 0 0 0
0 0 0 0 0 0 0 0 0 0 0 0 0 0 0 0
0 0 0 0 0 0 0 0 0 0 0 0 0 0 0 0
0 0 0 0 0 0 0 0 0 0 0 0 0 0 0 0
0 0 0 0 0 0 0 0 0 0 0 0 0 0 0 0
0 0 0 0 0 0 0 0 0 0 0 0 0 0 0 0
0 0 0 0 0 0 0 0 0 0 0 0 0 0 0 0
0 0 0 0 0 0 0 0 0 0 0 0 0 0 0 0
0 0 0 0 0 0 0 0 0 0 0 0 0 0 0 0
0 0 0 0 0 0 0 0 0 0 0 0 0 0 0 0
0 0 0 0 0 0 0 0 0 0 0 0 0 0 0 0
2214630404 4291095548 536871424 4244504574 2688548864 1279229436 4194149246 1958030836 3746168468 1341374188 2984979230 281702860 3999001598 3220696822 3107184322 4286562222
2361549706 2614057590 2013265116 2683424508 4294836222 4294967294 4285530106 509554398 4227851262 4293917694 1226069288 605607954 32 1839134414 2999920748 4294967294
4294967294 5419810 2597343760 3475664732 3645675950 3221225086 33556872 4286431230 32 33565696 4294965242 3576383602 437338240 1879327776 642514988 1359249408
35295272 1073844304 128414176 1685160000 2099232 4195152 4001349374 2249338936 2512492040 1067382252 1655838212 5343232 3233075304 4685824 4294967294 3690692604
0 65534 8200 262143 100354 95515 191771 172501 260033 229374 83391 38429 245230 126814 121446 175742
108988 182063 238587 216575 262143 262143 241663 245599 253951 261119 63616 20753 0 205546 212479 262143
262143 249496 176611 163084 105068 262143 16898 262079 1024 1024 262141 245111 32768 65536 203101 36864
95251 5569 213216 16422 4 18496 96747 125194 162334 261759 16939 34819 65586 132096 262143 258047
0 0 0 0 0 0 0 0 0 0 0 0 0 0 0 0
0 0 0 0 0 0 0 0 0 0 0 0 0 0 0 0
0 0 0 0 0 0 0 0 0 0 0 0 0 0 0 0
0 0 0 0 0 0 0 0 0 0 0 0 0 0 0 0
0 0 0 0 0 0 0 0 0 0 0 0 0 0 0 0
0 0 0 0 0 0 0 0 0 0 0 0 0 0 0 0
0 0 0 0 0 0 0 0 0 0 0 0 0 0 0 0
0 0 0 0 0 0 0 0 0 0 0 0 0 0 0 0
0 0 0 0 0 0 0 0 0 0 0 0 0 0 0 0
0 0 0 0 0 0 0 0 0 0 0 0 0 0 0 0
0 0 0 0 0 0 0 0 0 0 0 0 0 0 0 0
0 0 0 0 0 0 0 0 0 0 0 0 0 0 0 0
17048704 4294967294 3649100354 3684006814 2101776 1212301506 3666274190 336860426 1075970056 1870727000 4026253278 4026269694 32800 4141613044 2358612414 487213124
2142977750 4018266012 4294966782 200704 4293918718 27428872 2695548242 4224776044 2416117056 3214777716 2136997870 3891783638 1057798 1091634578 4026497918 3959414780
0 4294967294 1114304 0 3057619896 4139777918 3187601374 4294967294 3056416374 4294967294 4013767090 1778105238 71303168 2147483390 1002552062 4227072
4269670382 2796431306 1086624818 2491420736 1134942932 3921505640 2684217214 637553744 4143245068 4294934526 4227661310 3655531122 256 1073741694 4291950986 705999158
4112 16367 12019 3220 7344 321 7691 260 1 12204 5119 14335 1281 7677 568 2100
16351 10615 16383 1040 16383 3761 4110 5659 265 16095 12271 15615 704 10209 16319 12028
0 16383 1058 1028 15967 15455 12285 14335 7400 16381 15356 7902 512 14335 9463 0
16255 15339 2401 4192 10654 6862 16357 0 2532 16383 16235 7160 5120 16351 7679 3112
0 0 0 0 0 0 0 0 0 0 0 0 0 0 0 0
0 0 0 0 0 0 0 0 0 0 0 0 0 0 0 0
0 0 0 0 0 0 0 0 0 0 0 0 0 0 0 0
0 0 0 0 0 0 0 0 0 0 0 0 0 0 0 0
0 0 0 0 0 0 0 0 0 0 0 0 0 0 0 0
0 0 0 0 0 0 0 0 0 0 0 0 0 0 0 0
0 0 0 0 0 0 0 0 0 0 0 0 0 0 0 0
0 0 0 0 0 0 0 0 0 0 0 0 0 0 0 0
0 0 0 0 0 0 0 0 0 0 0 0 0 0 0 0
0 0 0 0 0 0 0 0 0 0 0 0 0 0 0 0
0 0 0 0 0 0 0 0 0 0 0 0 0 0 0 0
0 0 0 0 0 0 0 0 0 0 0 0 0 0 0 0
11635548 3755831038 3978034956 217628672 4294967294 4294967294 1158160560 218148904 4290156734 2751463440 415238580 2207012260 2387738792 620822536 740322442 108464192
1340324992 1625994990 226499392 1078067200 33554816 3375828990 1824843834 3919968894 4025351900 8388608 4261412862 2348868098 4157093000 4293917566 4035150660 2008944424
1679331668 3974850398 2143170262 4294966270 3482549942 262400 17170432 2938825992 134353154 1143740736 3210729194 2197968936 3269478656 0 2215315456 135296
67108864 3266445576 1609725806 961563942 2165011258 0 36700160 128 2146428926 42037280 4294967294 2142224334 227574298 0 4026531322 3769256582
0 3 2 0 3 3 0 2 2 0 0 1 1 0 0 0
0 2 1 0 0 3 3 0 1 0 3 3 1 3 3 1
3 0 3 3 3 0 0 0 0 0 0 0 1 0 0 0
0 1 1 1 3 0 0 1 3 1 3 2 2 0 1 1
0 0 0 0 0 0 0 0 0 0 0 0 0 0 0 0
0 0 0 0 0 0 0 0 0 0 0 0 0 0 0 0
0 0 0 0 0 0 0 0 0 0 0 0 0 0 0 0
0 0 0 0 0 0 0 0 0 0 0 0 0 0 0 0
0 0 0 0 0 0 0 0 0 0 0 0 0 0 0 0
0 0 0 0 0 0 0 0 0 0 0 0 0 0 0 0
0 0 0 0 0 0 0 0 0 0 0 0 0 0 0 0
0 0 0 0 0 0 0 0 0 0 0 0 0 0 0 0
0 0 0 0 0 0 0 0 0 0 0 0 0 0 0 0
0 0 0 0 0 0 0 0 0 0 0 0 0 0 0 0
0 0 0 0 0 0 0 0 0 0 0 0 0 0 0 0
0 0 0 0 0 0 0 0 0 0 0 0 0 0 0 0
1219975618 499735182 0 269493668 4034948 1150159248 1388313502 4294967294 4000710558 1089028 2617234310 1114767360 1809284708 4294967294 805574784 1073467358
537036808 4294967294 1598711806 4160744446 301989888 4127126750 4290689004 3060271914 44826666 1801148484 83886088 503923618 262144 235408014 2656400760 0
16909314 3485466622 134905856 4026252780 9489794 4252957628 2147219454 1099323902 2097151870 0 3959247614 4294967294 2175564704 2684753440 4294965206 541606082
4115396588 18087936 4007318910 159389696 557060 3216898014 1970241516 804718588 2686727812 4218683326 495375418 1968340396 2113252846 4293917686 2676803478 4294967294
1051398 79258368 10240 12977678 76485123 101089673 100652514 134217727 55475439 63066625 83881947 68034560 33691098 134217727 17842230 134217663
67245088 134217663 92186508 132904959 1024 58304990 98557439 88407243 44565536 271676 49152 149606 71304480 5019137 66180088 0
1061 134217583 25169920 129890805 9463432 133029239 132118527 25890023 133934587 9446432 133169134 134217727 94746907 90509648 91209727 1099586
134084598 1707266 134071675 16777218 88092816 95387383 47446903 127917502 8847360 123697117 15754501 106463 134217215 134217726 98537257 134217471
0 0 0 0 0 0 0 0 0 0 0 0 0 0 0 0
0 0 0 0 0 0 0 0 0 0 0 0 0 0 0 0
0 0 0 0 0 0 0 0 0 0 0 0 0 0 0 0
0 0 0 0 0 0 0 0 0 0 0 0 0 0 0 0
0 0 0 0 0 0 0 0 0 0 0 0 0 0 0 0
0 0 0 0 0 0 0 0 0 0 0 0 0 0 0 0
0 0 0 0 0 0 0 0 0 0 0 0 0 0 0 0
0 0 0 0 0 0 0 0 0 0 0 0 0 0 0 0
0 0 0 0 0 0 0 0 0 0 0 0 0 0 0 0
0 0 0 0 0 0 0 0 0 0 0 0 0 0 0 0
0 0 0 0 0 0 0 0 0 0 0 0 0 0 0 0
0 0 0 0 0 0 0 0 0 0 0 0 0 0 0 0
103238298 0 125746172 60834656 26214416 133660398 20970782 93713910 133496566 67176482 90098382 129392494 116391934 98368 87071536 134184950
21039000 10512 122073526 15131626 118751280 98389432 36940304 129941466 123649620 100728832 63908206 77025720 125304248 134217722 66485590 134217708
100663038 17145874 100663214 134217562 25134468 256 133152254 4261924 52551748 262144 100739798 127620924 113214694 77629954 134217726 107396046
46067694 110351552 12103336 95420382 92291200 256 66060030 95870542 26215456 2572616 95182816 0 23235296 133693438 131072 72081376
0 0 0 0 0 0 0 0 0 0 0 0 0 0 0 0
0 0 0 0 0 0 0 0 0 0 0 0 0 0 0 0
0 0 0 0 0 0 0 0 0 0 0 0 0 0 0 0
0 0 0 0 0 0 0 0 0 0 0 0 0 0 0 0
0 0 0 0 0 0 0 0 0 0 0 0 0 0 0 0
0 0 0 0 0 0 0 0 0 0 0 0 0 0 0 0
0 0 0 0 0 0 0 0 0 0 0 0 0 0 0 0
0 0 0 0 0 0 0 0 0 0 0 0 0 0 0 0
0 0 0 0 0 0 0 0 0 0 0 0 0 0 0 0
0 0 0 0 0 0 0 0 0 0 0 0 0 0 0 0
0 0 0 0 0 0 0 0 0 0 0 0 0 0 0 0
0 0 0 0 0 0 0 0 0 0 0 0 0 0 0 0
0 0 0 0 0 0 0 0 0 0 0 0 0 0 0 0
0 0 0 0 0 0 0 0 0 0 0 0 0 0 0 0
0 0 0 0 0 0 0 0 0 0 0 0 0 0 0 0
0 0 0 0 0 0 0 0 0 0 0 0 0 0 0 0
4243500 4112 39847488 12718112 56447980 52690522 1198274 33024 19071744 180224 65994730 24115672 0 67107838 0 67106814
1048608 3256448 8562184 44990202 63962302 63778412 66447614 2134016 18354296 16711610 29024142 0 23793078 62783450 45403098 37707908
1328528 58178302 41886938 7471106 524320 22546436 98368 262912 61848446 35913732 8770 2098178 67108862 67108862 9519878 2663424
4393226 1024 2932272 66578430 21062148 295296 66578044 67108862 67102590 1337460 58683226 15091098 1355844 8388866 1081344 6627648
0 0 0 0 0 0 0 0 0 0 0 0 0 0 0 0
0 0 0 0 0 0 0 0 0 0 0 0 0 0 0 0
0 0 0 0 0 0 0 0 0 0 0 0 0 0 0 0
0 0 0 0 0 0 0 0 0 0 0 0 0 0 0 0
0 0 0 0 0 0 0 0 0 0 0 0 0 0 0 0
0 0 0 0 0 0 0 0 0 0 0 0 0 0 0 0
0 0 0 0 0 0 0 0 0 0 0 0 0 0 0 0
0 0 0 0 0 0 0 0 0 0 0 0 0 0 0 0
0 0 0 0 0 0 0 0 0 0 0 0 0 0 0 0
0 0 0 0 0 0 0 0 0 0 0 0 0 0 0 0
0 0 0 0 0 0 0 0 0 0 0 0 0 0 0 0
0 0 0 0 0 0 0 0 0 0 0 0 0 0 0 0
0 0 0 0 0 0 0 0 0 0 0 0 0 0 0 0
0 0 0 0 0 0 0 0 0 0 0 0 0 0 0 0
0 0 0 0 0 0 0 0 0 0 0 0 0 0 0 0
0 0 0 0 0 0 0 0 0 0 0 0 0 0 0 0
4244635636 3195764730 50662466 4160748540 538968128 1969768800 5778050 4034362366 3175121068 2100129500 2401578448 4227791854 701789024 2874541192 18420224 4294967294
4267594744 4194432 3212310442 2141978558 3460030460 338736660 3758095358 3510157498 0 4294884346 2223337560 1048640 2965530252 1925333102 4160615572 2138570686
2097152 3757817854 3890954222 3927480054 4294965230 46141496 1134384 2620726276 69807296 2316308488 1073741824 2037353466 2551728688 2130661528 719645678 967075214
1081295386 1727765342 394797120 2430289234 838873752 4292052860 1149239872 1074791808 4093640438 1072363838 415910104 2416455688 4118267854 2388698132 3218564542 1879048192
1 1 1 1 0 0 1 1 1 0 1 1 0 0 0 1
1 0 1 1 0 1 1 1 1 1 1 0 1 0 1 1
0 1 1 0 1 0 1 0 1 0 0 1 1 1 0 0
0 0 0 1 1 1 0 1 0 1 1 1 0 0 0 0
0 0 0 0 0 0 0 0 0 0 0 0 0 0 0 0
0 0 0 0 0 0 0 0 0 0 0 0 0 0 0 0
0 0 0 0 0 0 0 0 0 0 0 0 0 0 0 0
0 0 0 0 0 0 0 0 0 0 0 0 0 0 0 0
0 0 0 0 0 0 0 0 0 0 0 0 0 0 0 0
0 0 0 0 0 0 0 0 0 0 0 0 0 0 0 0
0 0 0 0 0 0 0 0 0 0 0 0 0 0 0 0
0 0 0 0 0 0 0 0 0 0 0 0 0 0 0 0
0 0 0 0 0 0 0 0 0 0 0 0 0 0 0 0
0 0 0 0 0 0 0 0 0 0 0 0 0 0 0 0
0 0 0 0 0 0 0 0 0 0 0 0 0 0 0 0
0 0 0 0 0 0 0 0 0 0 0 0 0 0 0 0
3707632894 4292117698 270025480 289407104 285485188 274727680 65792 2189705264 3931371518 1048580 32768 4294967262 109322240 25371008 1262962022 3393711916
0 3170849338 3349349888 839738242 1941891910 1076888064 3607094302 16448 3726630810 4018138934 2307013708 4809344 2450290156 3435660134 4224304562 2080079336
3457412346 1214056200 4023475688 1990905854 2952715452 4275371990 1487987370 50377744 1308098020 1045427992 658220 545612680 4293976062 0 524288 4278190078
0 1823654668 4083139022 1142296576 3179271606 3758079998 286265352 3229632004 2694316068 262432 1754202432 939589772 575163168 1880280316 3292037672 3230124064
44 36 35 9 1 2 4 16 63 8 0 63 0 16 51 47
0 35 34 45 28 4 63 0 59 63 18 16 45 0 46 52
6 52 61 53 59 61 23 16 51 30 5 34 63 0 0 63
9 49 26 22 29 63 0 1 32 8 8 8 0 47 4 16
0 0 0 0 0 0 0 0 0 0 0 0 0 0 0 0
0 0 0 0 0 0 0 0 0 0 0 0 0 0 0 0
0 0 0 0 0 0 0 0 0 0 0 0 0 0 0 0
0 0 0 0 0 0 0 0 0 0 0 0 0 0 0 0
0 0 0 0 0 0 0 0 0 0 0 0 0 0 0 0
0 0 0 0 0 0 0 0 0 0 0 0 0 0 0 0
0 0 0 0 0 0 0 0 0 0 0 0 0 0 0 0
0 0 0 0 0 0 0 0 0 0 0 0 0 0 0 0
0 0 0 0 0 0 0 0 0 0 0 0 0 0 0 0
0 0 0 0 0 0 0 0 0 0 0 0 0 0 0 0
0 0 0 0 0 0 0 0 0 0 0 0 0 0 0 0
0 0 0 0 0 0 0 0 0 0 0 0 0 0 0 0
2747321650 3489660926 4257742718 4294901756 3635379710 4127616984 2810972104 3235366358 4294967294 3758096126 3455169526 3629830800 2147349694 469893748 1108403212 4223532540
4294836222 4222743442 2714068054 1075052546 2608594646 4198481878 4211064256 809697672 4294901758 2312176704 83394130 281018504 1094714882 1027646272 4294569468 523501562
172596 486912662 4294966262 3472748542 1525477782 1971306486 1290896966 2418804576 4093639676 1566048254 1650093446 3686963002 1099368466 3882057044 641992508 3219062782
549491016 2283927690 1200528146 2643217440 2147467164 2064 4294967294 75497472 4294967294 592427612 3724131258 4098276990 21022912 4261123230 667538760 2692743168
52 253 253 255 177 54 187 247 255 255 239 235 239 4 73 251
247 146 217 0 252 155 255 36 255 95 12 2 10 20 255 255
8 89 255 242 81 190 74 0 247 254 81 239 129 0 8 251
2 75 134 8 127 1 255 1 255 81 252 206 8 247 57 64
0 0 0 0 0 0 0 0 0 0 0 0 0 0 0 0
0 0 0 0 0 0 0 0 0 0 0 0 0 0 0 0
0 0 0 0 0 0 0 0 0 0 0 0 0 0 0 0
0 0 0 0 0 0 0 0 0 0 0 0 0 0 0 0
0 0 0 0 0 0 0 0 0 0 0 0 0 0 0 0
0 0 0 0 0 0 0 0 0 0 0 0 0 0 0 0
0 0 0 0 0 0 0 0 0 0 0 0 0 0 0 0
0 0 0 0 0 0 0 0 0 0 0 0 0 0 0 0
0 0 0 0 0 0 0 0 0 0 0 0 0 0 0 0
0 0 0 0 0 0 0 0 0 0 0 0 0 0 0 0
0 0 0 0 0 0 0 0 0 0 0 0 0 0 0 0
0 0 0 0 0 0 0 0 0 0 0 0 0 0 0 0
268435456 4294311894 827076768 3941069234 3279323348 1110023204 2251323908 4110176654 1568500338 157055262 1278593218 870013624 0 522803050 17858564 1092914818
1879026678 1608449246 4294967294 1370139018 2421615104 2110703486 67112968 2120216506 0 9016356 3364962432 2687020204 137431740 4 2776291052 1959455022
4010369230 2952788842 2495232670 1417103214 2147483904 1945368062 76960032 2868880702 16912774 1308605598 2148951376 4286578686 1407184854 4294967294 2815236524 1101828
19931136 3751236318 402800644 4097818828 134250784 2882691418 344031776 2897542514 2279587822 8388608 0 16910630 2147483646 134234240 2425616010 266304
0 1913 148 1788 959 3 324 1764 507 273 1376 2014 64 204 527 993
2047 1894 1791 810 1328 2014 0 2046 0 1287 194 896 260 0 2031 119
661 962 2039 691 16 1919 0 760 426 1207 746 2047 1019 2047 2039 70
32 525 1552 12 1164 59 0 546 1597 1 0 1568 2047 320 544 1536
0 0 0 0 0 0 0 0 0 0 0 0 0 0 0 0
0 0 0 0 0 0 0 0 0 0 0 0 0 0 0 0
0 0 0 0 0 0 0 0 0 0 0 0 0 0 0 0
0 0 0 0 0 0 0 0 0 0 0 0 0 0 0 0
0 0 0 0 0 0 0 0 0 0 0 0 0 0 0 0
0 0 0 0 0 0 0 0 0 0 0 0 0 0 0 0
0 0 0 0 0 0 0 0 0 0 0 0 0 0 0 0
0 0 0 0 0 0 0 0 0 0 0 0 0 0 0 0
0 0 0 0 0 0 0 0 0 0 0 0 0 0 0 0
0 0 0 0 0 0 0 0 0 0 0 0 0 0 0 0
0 0 0 0 0 0 0 0 0 0 0 0 0 0 0 0
0 0 0 0 0 0 0 0 0 0 0 0 0 0 0 0
4294705134 474001608 771824066 37867520 2138570494 662845434 4290755578 809501760 4292870142 4017875950 498016154 138544144 8485376 1841401038 0 671090184
3742321718 2148089984 539099168 3283074492 1212579698 2131234852 1124073488 1335482326 1040843114 3741056978 4294967294 2833043326 42205184 4278190014 4294967294 537403394
0 4294835198 4294967284 536881280 524288 4294967290 2190016768 3747577854 3179069286 1280 390465896 134480144 4294967166 4294967292 0 2610953848
4294967294 541696 1235633152 3087007486 92407136 4160749054 22304 2977105866 2149616674 4248758268 1699483976 524278782 171999426 4294967294 2848908370 4022336956
254 1 88 4 127 12 251 66 255 223 203 0 10 233 100 2
7 135 14 254 54 40 105 243 162 127 255 56 0 247 255 32
0 253 95 35 0 255 108 253 219 0 117 4 111 255 1 207
254 4 9 255 4 255 192 247 64 121 32 245 0 246 109 255
0 0 0 0 0 0 0 0 0 0 0 0 0 0 0 0
0 0 0 0 0 0 0 0 0 0 0 0 0 0 0 0
0 0 0 0 0 0 0 0 0 0 0 0 0 0 0 0
0 0 0 0 0 0 0 0 0 0 0 0 0 0 0 0
0 0 0 0 0 0 0 0 0 0 0 0 0 0 0 0
0 0 0 0 0 0 0 0 0 0 0 0 0 0 0 0
0 0 0 0 0 0 0 0 0 0 0 0 0 0 0 0
0 0 0 0 0 0 0 0 0 0 0 0 0 0 0 0
0 0 0 0 0 0 0 0 0 0 0 0 0 0 0 0
0 0 0 0 0 0 0 0 0 0 0 0 0 0 0 0
0 0 0 0 0 0 0 0 0 0 0 0 0 0 0 0
0 0 0 0 0 0 0 0 0 0 0 0 0 0 0 0
4006594550 2214602088 3924819958 4252743678 0 4294965110 0 0 4294963198 1161125298 2177013396 786944 1879616020 2345953324 2686189778 3836590884
2857929354 1054727798 2529722582 4160749302 3022616962 4278004734 4167957358 1736161258 1108443396 853393374 144180358 168522432 4294967230 3111241292 1610316222 4025438046
2145122174 2299837518 3821751802 2151686144 5511554 1182811266 2343566990 1725978480 4294704894 2724202692 4124016242 4260757502 620790028 1324780734 809840768 2972556654
34259282 4278185982 2437399890 1362542488 8396800 335655486 3844594134 3211788278 3716149206 807510034 4294639614 4294967294 268435464 1985556230 4194304 131072
3 1 1 1 1 3 0 0 3 3 0 0 3 0 1 2
1 3 1 3 2 3 2 3 0 3 3 1 3 1 1 2
3 1 3 0 2 1 3 3 3 2 3 3 2 1 1 0
0 3 2 1 0 1 3 2 3 0 3 3 2 2 0 0
0 0 0 0 0 0 0 0 0 0 0 0 0 0 0 0
0 0 0 0 0 0 0 0 0 0 0 0 0 0 0 0
0 0 0 0 0 0 0 0 0 0 0 0 0 0 0 0
0 0 0 0 0 0 0 0 0 0 0 0 0 0 0 0
0 0 0 0 0 0 0 0 0 0 0 0 0 0 0 0
0 0 0 0 0 0 0 0 0 0 0 0 0 0 0 0
0 0 0 0 0 0 0 0 0 0 0 0 0 0 0 0
0 0 0 0 0 0 0 0 0 0 0 0 0 0 0 0
0 0 0 0 0 0 0 0 0 0 0 0 0 0 0 0
0 0 0 0 0 0 0 0 0 0 0 0 0 0 0 0
0 0 0 0 0 0 0 0 0 0 0 0 0 0 0 0
0 0 0 0 0 0 0 0 0 0 0 0 0 0 0 0
2805878026 4294704622 3992977406 4294967294 4294963182 8388880 1024 3554663838 4294967294 476343826 70778888 32 3668188976 1927881648 3976882194 218435656
4278181886 4018126846 2902065060 1609473534 3911049210 1142624320 414100182 4206538718 0 3983531776 2146434532 4272954680 4145986574 4037654014 268435456 4294961150
4294957766 2851230996 16861192 374888580 73728 4219199468 11018496 2147483648 2656122664 2315256832 2147483646 4294967294 536870914 134218752 4292519926 3660134348
4001366014 4011841358 1749823788 4024604136 4259842 2785304084 2952921116 1879184288 2631824976 2147484032 3597268942 0 4294962942 3138420816 3758087902 0
2 63 47 63 61 6 0 51 63 14 10 0 37 42 2 0
13 59 30 25 47 56 57 63 0 38 63 33 55 47 1 63
29 54 0 4 0 31 9 0 10 0 61 47 3 0 47 48
49 5 1 58 32 0 25 7 57 34 59 0 31 36 55 2
0 0 0 0 0 0 0 0 0 0 0 0 0 0 0 0
0 0 0 0 0 0 0 0 0 0 0 0 0 0 0 0
0 0 0 0 0 0 0 0 0 0 0 0 0 0 0 0
0 0 0 0 0 0 0 0 0 0 0 0 0 0 0 0
0 0 0 0 0 0 0 0 0 0 0 0 0 0 0 0
0 0 0 0 0 0 0 0 0 0 0 0 0 0 0 0
0 0 0 0 0 0 0 0 0 0 0 0 0 0 0 0
0 0 0 0 0 0 0 0 0 0 0 0 0 0 0 0
0 0 0 0 0 0 0 0 0 0 0 0 0 0 0 0
0 0 0 0 0 0 0 0 0 0 0 0 0 0 0 0
0 0 0 0 0 0 0 0 0 0 0 0 0 0 0 0
0 0 0 0 0 0 0 0 0 0 0 0 0 0 0 0
3876245852 4294962174 3095684172 8388608 8448 2073168644 2156966082 8388608 3662603700 136447008 2313000902 909622870 4025479126 76193860 6357136 2143283198
132096 42483776 2756703852 4007657214 4219468286 3673686014 4124774340 4096622454 2429766240 2147483646 2090366444 1099502596 637343880 4231398370 2186412350 1841594418
1527122978 1737785332 754219958 1163665448 37749536 2180502654 774987612 4152356842 2148075536 4091542302 9437824 561586500 4294967294 4294934526 4197645118 0
1915755888 179342740 4078131164 2796029488 1633002948 3818830716 4210688 1637373976 3313497020 3200948542 2147478622 0 303378712 1077414016 2218721414 3596391198
6 7 5 0 0 5 2 0 1 1 6 7 7 0 0 7
1 0 7 3 5 6 7 0 0 7 2 0 3 6 2 6
0 5 1 3 2 5 5 5 2 4 1 3 7 7 5 0
1 3 7 7 5 7 0 4 7 6 7 0 0 0 2 2
0 0 0 0 0 0 0 0 0 0 0 0 0 0 0 0
0 0 0 0 0 0 0 0 0 0 0 0 0 0 0 0
0 0 0 0 0 0 0 0 0 0 0 0 0 0 0 0
0 0 0 0 0 0 0 0 0 0 0 0 0 0 0 0
0 0 0 0 0 0 0 0 0 0 0 0 0 0 0 0
0 0 0 0 0 0 0 0 0 0 0 0 0 0 0 0
0 0 0 0 0 0 0 0 0 0 0 0 0 0 0 0
0 0 0 0 0 0 0 0 0 0 0 0 0 0 0 0
0 0 0 0 0 0 0 0 0 0 0 0 0 0 0 0
0 0 0 0 0 0 0 0 0 0 0 0 0 0 0 0
0 0 0 0 0 0 0 0 0 0 0 0 0 0 0 0
0 0 0 0 0 0 0 0 0 0 0 0 0 0 0 0
3086929622 2795069240 2878623182 443310224 2079326202 1115891728 4294967262 3541701124 1477445184 2012217334 2136733692 3929972204 105050112 207650848 2476629558 3754671722
1109414148 3525378140 3220932528 270532616 1481134514 4090322558 2147485700 4289724414 100665492 575668770 524480 67108864 1631691296 3134237494 4195290844 3133871232
4026498782 4290772918 3086875006 4125818044 4093607422 1207955198 2147481598 262144 470442050 470057216 2155937816 587628552 2147459052 1610966068 199247778 432158486
3220110846 1073296700 2150602764 4261412286 19071888 610280480 1427156816 16386 262144 340819970 16384 4219436542 3451403104 4274896854 4222032 1105644410
3 3 2 1 1 0 2 0 0 1 3 3 0 0 2 2
2 2 1 0 1 1 0 3 1 0 0 0 3 3 1 3
3 3 3 0 2 1 3 0 0 3 1 1 3 2 1 0
3 3 1 3 0 0 3 0 0 0 0 2 1 3 2 2
0 0 0 0 0 0 0 0 0 0 0 0 0 0 0 0
0 0 0 0 0 0 0 0 0 0 0 0 0 0 0 0
0 0 0 0 0 0 0 0 0 0 0 0 0 0 0 0
0 0 0 0 0 0 0 0 0 0 0 0 0 0 0 0
0 0 0 0 0 0 0 0 0 0 0 0 0 0 0 0
0 0 0 0 0 0 0 0 0 0 0 0 0 0 0 0
0 0 0 0 0 0 0 0 0 0 0 0 0 0 0 0
0 0 0 0 0 0 0 0 0 0 0 0 0 0 0 0
0 0 0 0 0 0 0 0 0 0 0 0 0 0 0 0
0 0 0 0 0 0 0 0 0 0 0 0 0 0 0 0
0 0 0 0 0 0 0 0 0 0 0 0 0 0 0 0
0 0 0 0 0 0 0 0 0 0 0 0 0 0 0 0
278005544 268433398 132104 0 384125816 502529918 234721182 402522096 205650690 41943040 478913460 125829184 2097152 528482302 232021940 0
0 389647316 54941256 466804696 536870910 30936518 69207168 469562334 536346614 2105376 369385602 446178476 436277062 293529354 1213316 8426544
498589694 480120066 469762028 172988120 1065088 188461352 448790492 137081792 536592380 534772924 98678570 79009840 2170910 439396432 501743598 147148800
521986028 467124206 372782018 534462190 536870910 362874178 132526734 242084730 153368576 405143592 536870910 536870890 33620256 435124078 8786010 33554432
0 0 0 0 0 0 0 0 0 0 0 0 0 0 0 0
0 0 0 0 0 0 0 0 0 0 0 0 0 0 0 0
0 0 0 0 0 0 0 0 0 0 0 0 0 0 0 0
0 0 0 0 0 0 0 0 0 0 0 0 0 0 0 0
0 0 0 0 0 0 0 0 0 0 0 0 0 0 0 0
0 0 0 0 0 0 0 0 0 0 0 0 0 0 0 0
0 0 0 0 0 0 0 0 0 0 0 0 0 0 0 0
0 0 0 0 0 0 0 0 0 0 0 0 0 0 0 0
0 0 0 0 0 0 0 0 0 0 0 0 0 0 0 0
0 0 0 0 0 0 0 0 0 0 0 0 0 0 0 0
0 0 0 0 0 0 0 0 0 0 0 0 0 0 0 0
0 0 0 0 0 0 0 0 0 0 0 0 0 0 0 0
0 0 0 0 0 0 0 0 0 0 0 0 0 0 0 0
0 0 0 0 0 0 0 0 0 0 0 0 0 0 0 0
0 0 0 0 0 0 0 0 0 0 0 0 0 0 0 0
0 0 0 0 0 0 0 0 0 0 0 0 0 0 0 0
4 536870910 130022382 35138576 8192 534118398 67125410 280039960 500645874 289777016 83887874 536870910 76698568 355514034 346009356 223608786
520093438 1536 389386242 536870910 302016532 233823098 134217502 532584398 531718138 515637246 426245374 285882394 526949272 502529900 524288 92295176
12327206 291688582 2080 51576970 512 530421750 2097184 197517182 209976 423738850 67289354 1320960 531621830 159794438 126355618 46272784
17825826 1860128 467533822 391704644 470335096 4 10161088 0 33193584 51282018 33685506 517369522 520093694 536866558 528481786 536870910
0 0 0 0 0 0 0 0 0 0 0 0 0 0 0 0
0 0 0 0 0 0 0 0 0 0 0 0 0 0 0 0
0 0 0 0 0 0 0 0 0 0 0 0 0 0 0 0
0 0 0 0 0 0 0 0 0 0 0 0 0 0 0 0
0 0 0 0 0 0 0 0 0 0 0 0 0 0 0 0
0 0 0 0 0 0 0 0 0 0 0 0 0 0 0 0
0 0 0 0 0 0 0 0 0 0 0 0 0 0 0 0
0 0 0 0 0 0 0 0 0 0 0 0 0 0 0 0
0 0 0 0 0 0 0 0 0 0 0 0 0 0 0 0
0 0 0 0 0 0 0 0 0 0 0 0 0 0 0 0
0 0 0 0 0 0 0 0 0 0 0 0 0 0 0 0
0 0 0 0 0 0 0 0 0 0 0 0 0 0 0 0
0 0 0 0 0 0 0 0 0 0 0 0 0 0 0 0
0 0 0 0 0 0 0 0 0 0 0 0 0 0 0 0
0 0 0 0 0 0 0 0 0 0 0 0 0 0 0 0
0 0 0 0 0 0 0 0 0 0 0 0 0 0 0 0
2649283598 2323221890 2562996546 700851806 2417000526 4162060620 4160225278 0 1069411824 2148536324 4294967230 524288 4256496088 3459184424 1344160294 2105868040
3146028744 2149580816 2181169160 3481218978 4294967294 2129920 3082550524 272630832 2065620016 3887926238 3750337224 392167424 3313550786 1035730934 1254853860 4294931902
1093246076 4294967294 3221225468 2939680188 38019072 2359477484 315275558 65536 502754746 2142959286 0 4265441272 1703357152 3537727472 0 3101646234
2130706430 1040586906 4292337662 2150404672 4294967222 4288602110 3354905660 2151694440 1850738512 339821616 3892089342 4019699372 2931504934 942886380 4222484222 70196356
3 2 4 2 6 2 7 0 6 0 3 0 5 7 7 5
6 0 4 1 7 0 4 0 0 7 3 2 0 7 6 7
1 7 7 1 0 7 0 0 6 7 0 7 1 4 0 6
7 7 7 4 7 5 6 0 0 1 5 3 6 0 7 4
0 0 0 0 0 0 0 0 0 0 0 0 0 0 0 0
0 0 0 0 0 0 0 0 0 0 0 0 0 0 0 0
0 0 0 0 0 0 0 0 0 0 0 0 0 0 0 0
0 0 0 0 0 0 0 0 0 0 0 0 0 0 0 0
0 0 0 0 0 0 0 0 0 0 0 0 0 0 0 0
0 0 0 0 0 0 0 0 0 0 0 0 0 0 0 0
0 0 0 0 0 0 0 0 0 0 0 0 0 0 0 0
0 0 0 0 0 0 0 0 0 0 0 0 0 0 0 0
0 0 0 0 0 0 0 0 0 0 0 0 0 0 0 0
0 0 0 0 0 0 0 0 0 0 0 0 0 0 0 0
0 0 0 0 0 0 0 0 0 0 0 0 0 0 0 0
0 0 0 0 0 0 0 0 0 0 0 0 0 0 0 0
1909999598 1617435222 1089078272 109052040 1899593692 660155358 3880476484 2105356 3707926010 1879031606 4294967294 0 0 1749469184 1073750176 3340321600
407371780 386007040 379225116 0 1979677692 2685997588 131072 413327520 4294934526 838860734 884287444 668458494 3293078108 8192 4244635646 109504218
67108864 545259544 3655020394 268435458 3221227206 3755734486 3069050866 2204798106 2097152 4144737968 2245647252 67257384 2147184118 2206212226 1096322162 3544406080
3493754712 3803964270 277480464 3689936636 3771016706 4261379966 3707465726 4227837130 3803561362 2147450878 3271688192 35835904 2219312640 562053120 2823610466 1855961836
0 1 1 2 3 1 3 1 1 1 3 0 0 1 0 1
2 0 3 0 2 1 0 2 1 3 3 1 1 0 3 3
1 2 3 0 1 1 3 1 0 2 0 0 1 0 0 0
3 3 0 3 1 3 1 2 3 3 0 2 1 2 0 1
0 0 0 0 0 0 0 0 0 0 0 0 0 0 0 0
0 0 0 0 0 0 0 0 0 0 0 0 0 0 0 0
0 0 0 0 0 0 0 0 0 0 0 0 0 0 0 0
0 0 0 0 0 0 0 0 0 0 0 0 0 0 0 0
0 0 0 0 0 0 0 0 0 0 0 0 0 0 0 0
0 0 0 0 0 0 0 0 0 0 0 0 0 0 0 0
0 0 0 0 0 0 0 0 0 0 0 0 0 0 0 0
0 0 0 0 0 0 0 0 0 0 0 0 0 0 0 0
0 0 0 0 0 0 0 0 0 0 0 0 0 0 0 0
0 0 0 0 0 0 0 0 0 0 0 0 0 0 0 0
0 0 0 0 0 0 0 0 0 0 0 0 0 0 0 0
0 0 0 0 0 0 0 0 0 0 0 0 0 0 0 0
2334979510 2332123504 2214617494 16941184 820577808 1140850704 4261395902 2111815228 4294967246 4294967294 1002500082 4291820510 2444751240 3119459790 1024 268882050
4294442990 485385336 4278190078 34619910 37865528 2930642344 4293918718 4025927896 2200023556 66 3724541422 2148806764 3401044254 3140878286 4269797350 3056073982
4 2545418234 67108864 2286936128 2418134956 657536 679479296 134218816 1266713136 4294311934 4160476910 2165482606 3622541910 4026235902 4026522558 3707629560
4142857466 213577760 4076981998 68 0 4005033746 11019792 1418067984 170739180 50564162 2799893874 4294967294 3221091006 852308182 816520540 4292870110
0 0 0 0 0 0 0 0 0 0 0 0 0 0 0 0
0 0 0 0 0 0 0 0 0 0 0 0 0 0 0 0
0 0 0 0 0 0 0 0 0 0 0 0 0 0 0 0
0 0 0 0 0 0 0 0 0 0 0 0 0 0 0 0
0 0 0 0 0 0 0 0 0 0 0 0 0 0 0 0
0 0 0 0 0 0 0 0 0 0 0 0 0 0 0 0
0 0 0 0 0 0 0 0 0 0 0 0 0 0 0 0
0 0 0 0 0 0 0 0 0 0 0 0 0 0 0 0
0 0 0 0 0 0 0 0 0 0 0 0 0 0 0 0
0 0 0 0 0 0 0 0 0 0 0 0 0 0 0 0
0 0 0 0 0 0 0 0 0 0 0 0 0 0 0 0
0 0 0 0 0 0 0 0 0 0 0 0 0 0 0 0
0 0 0 0 0 0 0 0 0 0 0 0 0 0 0 0
0 0 0 0 0 0 0 0 0 0 0 0 0 0 0 0
0 0 0 0 0 0 0 0 0 0 0 0 0 0 0 0
0 0 0 0 0 0 0 0 0 0 0 0 0 0 0 0
1992162268 4094170080 4294959102 86190690 132224 1847980020 39166288 3145623422 1775992830 134356992 3747214444 270336 3148491738 123190660 309329952 4173249486
4261412862 4294967286 4164794330 1599856072 1073758208 2147483684 2799616722 1212153856 2946532472 160598592 3623878654 4008377558 2104622622 3229469336 1073744002 646399970
1402457886 1844952254 3278059776 1249902592 4159137662 1207943166 1214464 4156520430 4278189950 4294950876 4257201634 607155974 2551255188 396637268 1343249552 4294933490
1424998326 4286578686 16777344 61927442 403447808 4294574078 1698841302 1023409774 134224384 671673542 2113863178 4294967294 1599340476 1209144320 4294967166 33554496
4844 6403 8191 3620 512 8191 134 7087 2302 1040 6228 33 7408 2395 137 3829
8191 8191 1279 5109 2048 0 8159 0 4936 16 8185 7423 8175 7926 513 7879
7699 7675 4611 136 2038 8073 4 8173 7803 8159 3950 128 4098 1936 192 2031
6108 8191 256 5124 2384 8191 1848 7548 8 355 7159 8191 7751 1035 8191 517
0 0 0 0 0 0 0 0 0 0 0 0 0 0 0 0
0 0 0 0 0 0 0 0 0 0 0 0 0 0 0 0
0 0 0 0 0 0 0 0 0 0 0 0 0 0 0 0
0 0 0 0 0 0 0 0 0 0 0 0 0 0 0 0
0 0 0 0 0 0 0 0 0 0 0 0 0 0 0 0
0 0 0 0 0 0 0 0 0 0 0 0 0 0 0 0
0 0 0 0 0 0 0 0 0 0 0 0 0 0 0 0
0 0 0 0 0 0 0 0 0 0 0 0 0 0 0 0
0 0 0 0 0 0 0 0 0 0 0 0 0 0 0 0
0 0 0 0 0 0 0 0 0 0 0 0 0 0 0 0
0 0 0 0 0 0 0 0 0 0 0 0 0 0 0 0
0 0 0 0 0 0 0 0 0 0 0 0 0 0 0 0
1073750016 4290772990 208224760 1665142552 2184428216 2999843674 1107305472 2936004606 2144056670 4294967294 2263728612 9136122 293140472 3381387788 1761589116 1103775370
4290732030 69892 545259522 402989060 4225724858 2620664840 4084981246 4259705416 35807248 3623742422 1217462408 4227858426 3585456076 134229016 85675504 370348074
3581713372 1204224 16777224 4294963102 247823326 4294926332 693272922 1906725578 1359569088 3950214070 136 4294966270 2093149670 704775264 1111500040 1761610248
2566998672 3223978008 52576384 1834485042 3758227520 4294967294 2731020576 262152 4294670844 1440308182 3296920336 3854561802 3757571898 4294967294 159580162 7623682
0 1023 812 271 174 1018 0 895 494 1023 865 815 702 297 927 971
1023 42 66 81 158 888 695 842 16 1023 768 1023 293 865 300 779
172 1 16 895 990 1021 672 980 304 953 48 1003 436 1 1 640
28 0 64 762 4 1023 4 289 1016 951 257 985 1023 767 512 4
0 0 0 0 0 0 0 0 0 0 0 0 0 0 0 0
0 0 0 0 0 0 0 0 0 0 0 0 0 0 0 0
0 0 0 0 0 0 0 0 0 0 0 0 0 0 0 0
0 0 0 0 0 0 0 0 0 0 0 0 0 0 0 0
0 0 0 0 0 0 0 0 0 0 0 0 0 0 0 0
0 0 0 0 0 0 0 0 0 0 0 0 0 0 0 0
0 0 0 0 0 0 0 0 0 0 0 0 0 0 0 0
0 0 0 0 0 0 0 0 0 0 0 0 0 0 0 0
0 0 0 0 0 0 0 0 0 0 0 0 0 0 0 0
0 0 0 0 0 0 0 0 0 0 0 0 0 0 0 0
0 0 0 0 0 0 0 0 0 0 0 0 0 0 0 0
0 0 0 0 0 0 0 0 0 0 0 0 0 0 0 0
4294967286 4294967294 207677128 2461153492 39142144 4252760050 3367774674 2883574238 1663781672 3488468978 846339976 4294901486 4277141502 140928 73283244 16916580
16384 605063336 1721099482 263168 4294967294 1506334734 855056390 514 4009753534 4294377340 135465570 4294933590 1258533430 4261412862 270671892 3212416412
1233441130 68486656 9699778 1512599140 2282292512 3538255870 776886902 4294967294 4194303980 3230131996 402669584 3571447806 4276092922 3622669156 2173747168 348409858
2107280348 1074799660 172249216 2646536058 4294967294 3355512872 1732391952 812908940 1024736996 3136906920 254230802 2718745698 4026529790 2130443260 3968829182 4227857334
65531 65535 18444 16329 42389 65406 36429 62389 24666 65534 18598 63354 65535 17549 8448 4098
515 141 55293 0 57343 3106 52526 0 63231 61407 4092 55807 40239 65535 513 17948
526 16448 17952 50512 4105 57335 6254 65279 40959 55287 1058 60407 65435 17785 54068 4128
24559 49671 4096 44415 65535 11649 43328 46405 52207 3299 4402 45815 65535 65534 49138 65273
0 0 0 0 0 0 0 0 0 0 0 0 0 0 0 0
0 0 0 0 0 0 0 0 0 0 0 0 0 0 0 0
0 0 0 0 0 0 0 0 0 0 0 0 0 0 0 0
0 0 0 0 0 0 0 0 0 0 0 0 0 0 0 0
0 0 0 0 0 0 0 0 0 0 0 0 0 0 0 0
0 0 0 0 0 0 0 0 0 0 0 0 0 0 0 0
0 0 0 0 0 0 0 0 0 0 0 0 0 0 0 0
0 0 0 0 0 0 0 0 0 0 0 0 0 0 0 0
0 0 0 0 0 0 0 0 0 0 0 0 0 0 0 0
0 0 0 0 0 0 0 0 0 0 0 0 0 0 0 0
0 0 0 0 0 0 0 0 0 0 0 0 0 0 0 0
0 0 0 0 0 0 0 0 0 0 0 0 0 0 0 0
1409303148 2231371778 50627784 4294967294 1075578658 3752307838 0 4294297038 0 2818441004 2130574846 4269096656 3988780538 4293914482 3137318908 4057594086
1640050604 2073804730 671416576 2189220844 1048640 204540708 1298147456 2303240416 4155611100 1895300080 4286550014 926706592 3925274484 501078940 3606881660 285524006
0 3832300552 4294967294 2285109634 2181345280 2202927360 3841482750 144923144 2783685836 4294964158 2794832858 3390718210 1871052340 4294967284 33589266 805306368
1359058688 4290721788 139268 4176451802 203525212 4293884638 17044542 1725443782 2809082804 128 1073774656 37761024 3472841692 4294967254 3243310068 71320704
85 34 24 238 221 111 0 122 0 243 63 182 254 239 255 203
186 217 0 161 4 0 77 7 255 250 199 64 134 173 144 24
0 98 255 32 235 89 127 24 188 255 34 65 158 255 26 2
49 255 144 216 5 237 46 130 154 32 129 24 255 246 69 193
0 0 0 0 0 0 0 0 0 0 0 0 0 0 0 0
0 0 0 0 0 0 0 0 0 0 0 0 0 0 0 0
0 0 0 0 0 0 0 0 0 0 0 0 0 0 0 0
0 0 0 0 0 0 0 0 0 0 0 0 0 0 0 0
0 0 0 0 0 0 0 0 0 0 0 0 0 0 0 0
0 0 0 0 0 0 0 0 0 0 0 0 0 0 0 0
0 0 0 0 0 0 0 0 0 0 0 0 0 0 0 0
0 0 0 0 0 0 0 0 0 0 0 0 0 0 0 0
0 0 0 0 0 0 0 0 0 0 0 0 0 0 0 0
0 0 0 0 0 0 0 0 0 0 0 0 0 0 0 0
0 0 0 0 0 0 0 0 0 0 0 0 0 0 0 0
0 0 0 0 0 0 0 0 0 0 0 0 0 0 0 0
4281859070 936848266 3007491394 612766360 4251972862 4294959098 2822136890 75760130 1018437794 4026527228 151257094 472326348 737900532 582495218 4294967294 1191077482
348455428 1415781506 4276055534 4247588 4273995772 4288626654 2133515612 0 1161551822 16781312 25698432 0 2974026316 67113088 0 3962348280
4294967294 4294967294 2883317590 8224 3759419808 1569803454 2147485704 249694240 813695104 2429685034 3743413998 71583796 4207588270 3625294012 4120362238 0
3723952046 4294967294 0 2097408 2910512734 3314144518 336072962 79486994 1104677476 3607807040 38708292 2147614736 4294967158 4059029114 1517797330 1143261858
128509 120793 24230 43896 114687 116443 34550 16401 27697 122875 256 128660 96159 65023 131071 81914
33280 57354 81099 10249 131067 48615 92583 2 126719 4 16385 0 52873 35328 0 72818
131071 130687 81839 512 528 17019 4096 4352 66 21116 126767 36353 113629 95351 131070 0
110587 131071 0 16384 77929 67835 16388 4304 102542 80664 34057 40976 131071 2637 64254 98828
0 0 0 0 0 0 0 0 0 0 0 0 0 0 0 0
0 0 0 0 0 0 0 0 0 0 0 0 0 0 0 0
0 0 0 0 0 0 0 0 0 0 0 0 0 0 0 0
0 0 0 0 0 0 0 0 0 0 0 0 0 0 0 0
0 0 0 0 0 0 0 0 0 0 0 0 0 0 0 0
0 0 0 0 0 0 0 0 0 0 0 0 0 0 0 0
0 0 0 0 0 0 0 0 0 0 0 0 0 0 0 0
0 0 0 0 0 0 0 0 0 0 0 0 0 0 0 0
0 0 0 0 0 0 0 0 0 0 0 0 0 0 0 0
0 0 0 0 0 0 0 0 0 0 0 0 0 0 0 0
0 0 0 0 0 0 0 0 0 0 0 0 0 0 0 0
0 0 0 0 0 0 0 0 0 0 0 0 0 0 0 0
3489660926 402915492 0 4278025212 1028 671088768 2426980756 268435504 4294924090 2679240654 2509373762 151003200 512 502237676 1426681952 2944270328
303185600 872723272 516 4294959006 4022336380 4294967294 2735152440 336330758 1342185744 1379014334 4194304 134480132 1568337848 1412851152 3665720314 0
3288375296 2112814834 180768 3757828050 3623876574 2223507712 1347486978 18890770 671457384 4255830012 675373444 4152353662 1476393326 543306982 3032052712 4159699964
0 4294967038 3471776702 1132672 3834122112 2560845312 2853278098 3447324670 1803481086 2435162086 4026400766 262208 4294967294 2480827228 3086970364 2830335110
255 226 1 253 154 128 224 32 191 93 96 0 0 189 147 175
4 129 4 223 255 255 45 2 0 99 0 64 191 4 125 0
0 127 36 191 255 128 66 201 12 189 193 254 111 84 217 255
8 255 41 40 117 134 80 239 120 238 245 0 255 116 95 11
0 0 0 0 0 0 0 0 0 0 0 0 0 0 0 0
0 0 0 0 0 0 0 0 0 0 0 0 0 0 0 0
0 0 0 0 0 0 0 0 0 0 0 0 0 0 0 0
0 0 0 0 0 0 0 0 0 0 0 0 0 0 0 0
0 0 0 0 0 0 0 0 0 0 0 0 0 0 0 0
0 0 0 0 0 0 0 0 0 0 0 0 0 0 0 0
0 0 0 0 0 0 0 0 0 0 0 0 0 0 0 0
0 0 0 0 0 0 0 0 0 0 0 0 0 0 0 0
0 0 0 0 0 0 0 0 0 0 0 0 0 0 0 0
0 0 0 0 0 0 0 0 0 0 0 0 0 0 0 0
0 0 0 0 0 0 0 0 0 0 0 0 0 0 0 0
0 0 0 0 0 0 0 0 0 0 0 0 0 0 0 0
2147483614 2113929214 1660382878 530442980 2146959322 2138406908 1925496552 301989888 2130702334 1470493668 1743773102 1610612718 67108864 2146959358 2147448702 2129526746
2111830002 1073776640 16 1567401634 0 551165104 2147483646 604520512 523963256 1073444862 1870659578 2113794 1312812918 1480038610 8388608 67129632
69345304 1810474770 1904212864 1773176948 2113926482 1187363646 980139002 272629776 1292559518 12656896 34078720 167881166 1650087528 1350641196 2113929166 2146959358
2139095028 160729152 1469211808 2147446782 512 1517743326 986985472 1917607222 2120744660 891422760 1799321566 1986748154 2144854012 2139095038 0 1694498836
0 0 0 0 0 0 0 0 0 0 0 0 0 0 0 0
0 0 0 0 0 0 0 0 0 0 0 0 0 0 0 0
0 0 0 0 0 0 0 0 0 0 0 0 0 0 0 0
0 0 0 0 0 0 0 0 0 0 0 0 0 0 0 0
0 0 0 0 0 0 0 0 0 0 0 0 0 0 0 0
0 0 0 0 0 0 0 0 0 0 0 0 0 0 0 0
0 0 0 0 0 0 0 0 0 0 0 0 0 0 0 0
0 0 0 0 0 0 0 0 0 0 0 0 0 0 0 0
0 0 0 0 0 0 0 0 0 0 0 0 0 0 0 0
0 0 0 0 0 0 0 0 0 0 0 0 0 0 0 0
0 0 0 0 0 0 0 0 0 0 0 0 0 0 0 0
0 0 0 0 0 0 0 0 0 0 0 0 0 0 0 0
0 0 0 0 0 0 0 0 0 0 0 0 0 0 0 0
0 0 0 0 0 0 0 0 0 0 0 0 0 0 0 0
0 0 0 0 0 0 0 0 0 0 0 0 0 0 0 0
0 0 0 0 0 0 0 0 0 0 0 0 0 0 0 0
796000480 4185783782 2247869040 0 274998376 4294705146 813969882 3621648062 1762672784 466836724 1952162748 3141714066 566677230 10 1559992186 1071644670
3755931516 4259842 1275988900 536952832 3068231438 17831296 4018140158 2550139904 3187109862 4284481534 306496434 286609800 2164277278 1849616686 4294967294 589824
370811746 4294967294 855280304 1805007806 4292607998 4096 2 3487643306 4456448 2798603858 4118806462 4275854814 578949824 3758006268 4294967294 1342178304
3078619134 813072474 1742765356 3216694734 2658904378 16 4160749566 18432 4227858428 2660 2147317498 242596702 2187633456 4294967294 4225007414 2952658638
128 119 9 0 29 255 216 241 16 19 188 163 174 128 157 223
250 128 56 0 253 75 83 130 255 239 1 130 175 39 255 64
17 255 35 230 60 0 136 143 72 239 247 199 20 127 255 64
247 173 237 46 171 2 237 0 255 16 255 162 84 254 189 255
0 0 0 0 0 0 0 0 0 0 0 0 0 0 0 0
0 0 0 0 0 0 0 0 0 0 0 0 0 0 0 0
0 0 0 0 0 0 0 0 0 0 0 0 0 0 0 0
0 0 0 0 0 0 0 0 0 0 0 0 0 0 0 0
0 0 0 0 0 0 0 0 0 0 0 0 0 0 0 0
0 0 0 0 0 0 0 0 0 0 0 0 0 0 0 0
0 0 0 0 0 0 0 0 0 0 0 0 0 0 0 0
0 0 0 0 0 0 0 0 0 0 0 0 0 0 0 0
0 0 0 0 0 0 0 0 0 0 0 0 0 0 0 0
0 0 0 0 0 0 0 0 0 0 0 0 0 0 0 0
0 0 0 0 0 0 0 0 0 0 0 0 0 0 0 0
0 0 0 0 0 0 0 0 0 0 0 0 0 0 0 0
2977989844 167858722 4160683706 2139071902 288522010 3218077694 1740750076 4294967294 2806398126 247726208 0 0 4161741808 100664016 2484370476 3758094652
3683112942 3858785928 3757897726 108544514 50334550 4204658374 4294967294 4284901392 2338464796 1600986876 0 4294967294 790499358 1125131270 1125265024 4294967294
2032950616 2281707798 2025319366 3062054916 4236230260 1310351360 4127174654 127008916 4222528738 3923443706 1815077764 4294967262 4294967038 3152541162 134217730 3695770770
4294573038 2512375550 4290681462 822470056 1078067108 0 2630256282 3187498350 146800640 567540684 4294967286 0 4294950822 2117058248 4292869814 34903376
1477 1252 1975 1532 1188 2047 1651 2047 900 208 0 0 1322 64 1684 1143
1599 675 2042 1256 256 350 2047 1371 1975 5 0 2047 176 1186 683 2047
1795 1872 1531 1498 2047 1157 2031 1025 1351 1852 411 2045 2047 1310 1032 985
1023 1470 1919 781 134 0 891 1980 2 2011 957 0 1791 1015 2043 1321
0 0 0 0 0 0 0 0 0 0 0 0 0 0 0 0
0 0 0 0 0 0 0 0 0 0 0 0 0 0 0 0
0 0 0 0 0 0 0 0 0 0 0 0 0 0 0 0
0 0 0 0 0 0 0 0 0 0 0 0 0 0 0 0
0 0 0 0 0 0 0 0 0 0 0 0 0 0 0 0
0 0 0 0 0 0 0 0 0 0 0 0 0 0 0 0
0 0 0 0 0 0 0 0 0 0 0 0 0 0 0 0
0 0 0 0 0 0 0 0 0 0 0 0 0 0 0 0
0 0 0 0 0 0 0 0 0 0 0 0 0 0 0 0
0 0 0 0 0 0 0 0 0 0 0 0 0 0 0 0
0 0 0 0 0 0 0 0 0 0 0 0 0 0 0 0
0 0 0 0 0 0 0 0 0 0 0 0 0 0 0 0
1073807368 1880144638 0 4294966270 268959760 0 2113391418 201326608 2602056582 4294965246 33555456 64 1872358838 2550124826 4294966622 2172652544
4294967294 4160585718 4026530780 3886743486 0 4244631228 3823394470 1048576 4587520 287601844 4292867286 469729070 3558943464 33554436 1072418720 165065786
673261576 2150271556 1082230928 2071147862 915945736 163842 3048612572 4083924986 0 8200 2045672632 3729518586 4096 1692535872 159654338 2164262080
4005949038 3753902078 3966971804 312019968 2312568310 1910431516 3132866494 2636077114 366270166 4294705150 4291559418 3812490986 4294770614 16909328 3464765516 1094746788
16 59120 16 131071 9223 65536 126971 81924 88555 98303 10281 144 128495 52647 104183 11776
126975 49151 68532 98295 0 40439 82292 136 201 40999 24575 77487 35265 0 65371 54902
99983 256 102416 82361 4004 16449 98011 127929 0 256 131065 98143 1024 1074 2133 2
64511 131071 122622 99623 10222 97277 110543 13894 58426 122879 131039 110555 129911 18017 74249 87749
0 0 0 0 0 0 0 0 0 0 0 0 0 0 0 0
0 0 0 0 0 0 0 0 0 0 0 0 0 0 0 0
0 0 0 0 0 0 0 0 0 0 0 0 0 0 0 0
0 0 0 0 0 0 0 0 0 0 0 0 0 0 0 0
0 0 0 0 0 0 0 0 0 0 0 0 0 0 0 0
0 0 0 0 0 0 0 0 0 0 0 0 0 0 0 0
0 0 0 0 0 0 0 0 0 0 0 0 0 0 0 0
0 0 0 0 0 0 0 0 0 0 0 0 0 0 0 0
0 0 0 0 0 0 0 0 0 0 0 0 0 0 0 0
0 0 0 0 0 0 0 0 0 0 0 0 0 0 0 0
0 0 0 0 0 0 0 0 0 0 0 0 0 0 0 0
0 0 0 0 0 0 0 0 0 0 0 0 0 0 0 0
318997554 1006362042 1031403502 933226942 968195584 1059460322 1072682990 1069023226 134250496 75531860 148310034 904920956 2162696 786596566 1054785486 8439122
1073699838 32588992 50467078 1073741802 637534484 67127424 611273552 1073675260 582503024 493695926 545792000 532552 285746518 938139606 648598226 1071644662
8491280 436134602 1073737662 101188768 1073741822 233828086 873496832 1073741822 1073741822 811581554 675107188 230209414 1038999486 150994978 135559826 37144
310386760 806916192 209918892 809881874 566893398 394264314 989703630 36278272 524083606 273547264 200858728 67240970 184976144 656703900 268435454 0
0 0 0 0 0 0 0 0 0 0 0 0 0 0 0 0
0 0 0 0 0 0 0 0 0 0 0 0 0 0 0 0
0 0 0 0 0 0 0 0 0 0 0 0 0 0 0 0
0 0 0 0 0 0 0 0 0 0 0 0 0 0 0 0
0 0 0 0 0 0 0 0 0 0 0 0 0 0 0 0
0 0 0 0 0 0 0 0 0 0 0 0 0 0 0 0
0 0 0 0 0 0 0 0 0 0 0 0 0 0 0 0
0 0 0 0 0 0 0 0 0 0 0 0 0 0 0 0
0 0 0 0 0 0 0 0 0 0 0 0 0 0 0 0
0 0 0 0 0 0 0 0 0 0 0 0 0 0 0 0
0 0 0 0 0 0 0 0 0 0 0 0 0 0 0 0
0 0 0 0 0 0 0 0 0 0 0 0 0 0 0 0
0 0 0 0 0 0 0 0 0 0 0 0 0 0 0 0
0 0 0 0 0 0 0 0 0 0 0 0 0 0 0 0
0 0 0 0 0 0 0 0 0 0 0 0 0 0 0 0
0 0 0 0 0 0 0 0 0 0 0 0 0 0 0 0
1941348574 4259994 1878682546 2315245606 2172911720 4291276658 0 545308928 268468224 705624564 1884553216 3539464 4293917566 4294737918 2147672200 268978180
286893920 2004745708 4205788748 2148799026 32768 4294967278 4294705150 3757702616 4294897662 1164007680 1920991276 4277927924 0 4227825662 2507812730 1099008
8192 2130704382 33554436 764108448 2861677548 3733502704 398368 0 672137216 1539176158 896615448 1879453924 3196986078 4227727226 2281966100 4292339950
3221246528 50794756 2007367096 2720506122 8405064 419459552 8442464 3413244918 4209999614 2171212252 2209449908 695376542 4289720202 2491440 3859736908 4294967294
2 0 3 0 0 3 0 2 0 3 0 2 1 3 1 0
1 3 2 0 0 2 3 3 3 1 0 2 0 3 2 2
0 3 1 1 2 1 1 0 0 1 1 1 3 3 0 3
0 0 3 1 0 0 0 2 3 0 3 2 3 0 1 3
0 0 0 0 0 0 0 0 0 0 0 0 0 0 0 0
0 0 0 0 0 0 0 0 0 0 0 0 0 0 0 0
0 0 0 0 0 0 0 0 0 0 0 0 0 0 0 0
0 0 0 0 0 0 0 0 0 0 0 0 0 0 0 0
0 0 0 0 0 0 0 0 0 0 0 0 0 0 0 0
0 0 0 0 0 0 0 0 0 0 0 0 0 0 0 0
0 0 0 0 0 0 0 0 0 0 0 0 0 0 0 0
0 0 0 0 0 0 0 0 0 0 0 0 0 0 0 0
0 0 0 0 0 0 0 0 0 0 0 0 0 0 0 0
0 0 0 0 0 0 0 0 0 0 0 0 0 0 0 0
0 0 0 0 0 0 0 0 0 0 0 0 0 0 0 0
0 0 0 0 0 0 0 0 0 0 0 0 0 0 0 0
118489156 319029504 4289522670 71303200 4294967262 1172603588 4294959102 3221225470 2048 4146724606 1073876992 4160749566 2113273820 434633572 3816811960 4294836222
10682368 2178252926 103858370 3428761050 4294967294 1021130852 1090945664 1289029956 4260888570 3218964476 245372430 3212829950 2195192756 3834427632 2034272766 3288336588
2254447656 1353973772 262144 4289330874 1610612190 2434089298 2146303998 4026529762 3152016 3998989142 1075094670 9175114 0 67108998 2837638018 2105928870
3912242996 82800426 4294901758 17137664 4006543094 1340030078 2509067794 896715432 2143610112 674627618 4294955006 2094804926 329986 3012821064 539033728 80150664
37 1 8158 196 8187 736 8191 1663 0 6141 0 8191 6123 7969 3380 7679
272 7617 6144 6631 8191 6644 3498 1536 8127 7151 1046 3838 1975 4965 178 4264
4449 4096 2 798 2043 2433 7679 7871 1288 5287 4464 2576 0 32 2416 7868
9 7947 8191 4129 8057 7675 4110 6174 1544 2664 8191 2280 32 1690 33 2746
0 0 0 0 0 0 0 0 0 0 0 0 0 0 0 0
0 0 0 0 0 0 0 0 0 0 0 0 0 0 0 0
0 0 0 0 0 0 0 0 0 0 0 0 0 0 0 0
0 0 0 0 0 0 0 0 0 0 0 0 0 0 0 0
0 0 0 0 0 0 0 0 0 0 0 0 0 0 0 0
0 0 0 0 0 0 0 0 0 0 0 0 0 0 0 0
0 0 0 0 0 0 0 0 0 0 0 0 0 0 0 0
0 0 0 0 0 0 0 0 0 0 0 0 0 0 0 0
0 0 0 0 0 0 0 0 0 0 0 0 0 0 0 0
0 0 0 0 0 0 0 0 0 0 0 0 0 0 0 0
0 0 0 0 0 0 0 0 0 0 0 0 0 0 0 0
0 0 0 0 0 0 0 0 0 0 0 0 0 0 0 0
685161080 4206607356 4024360316 545299496 2597510232 3859474582 2301756962 105252508 1005092582 4010295892 1280784 1409771562 543580490 39103380 1140854848 4294926334
292212602 4093636606 410967038 2734686212 1377830432 1038741496 1418479620 4089405374 4124310978 3990470638 16392 268714056 1676189984 1552030880 570433536 1277203080
3219652534 1082130696 172683888 0 4294900734 1579253398 4352 4294967294 33554688 2088529404 4294967294 1601766084 1074266112 795981800 16512 796368246
1695295278 4160616318 2673832040 16384 2143813116 3522273372 1873553214 131620 67125248 2818538204 134217728 75767840 64 253272602 273171472 135856838
231 253 115 154 2 170 8 0 211 116 96 67 32 64 12 253
213 251 11 0 80 195 4 255 251 251 4 18 208 134 0 52
252 64 21 0 247 3 33 255 0 255 255 244 17 209 4 91
38 255 55 0 107 188 204 2 6 127 64 32 0 64 128 145
0 0 0 0 0 0 0 0 0 0 0 0 0 0 0 0
0 0 0 0 0 0 0 0 0 0 0 0 0 0 0 0
0 0 0 0 0 0 0 0 0 0 0 0 0 0 0 0
0 0 0 0 0 0 0 0 0 0 0 0 0 0 0 0
0 0 0 0 0 0 0 0 0 0 0 0 0 0 0 0
0 0 0 0 0 0 0 0 0 0 0 0 0 0 0 0
0 0 0 0 0 0 0 0 0 0 0 0 0 0 0 0
0 0 0 0 0 0 0 0 0 0 0 0 0 0 0 0
0 0 0 0 0 0 0 0 0 0 0 0 0 0 0 0
0 0 0 0 0 0 0 0 0 0 0 0 0 0 0 0
0 0 0 0 0 0 0 0 0 0 0 0 0 0 0 0
0 0 0 0 0 0 0 0 0 0 0 0 0 0 0 0
2290352660 2076835510 4294967292 2642799350 3086972924 3221091322 2145353724 0 1985420868 4248751964 2782580094 1495409152 3309999256 4294967294 33554432 8388608
32 4292870142 2722177632 766503010 88213092 2571581440 3336054706 4261412670 0 3623808926 4227858430 2067589988 1965023178 4154713460 2811125304 1761608320
671121408 888805266 4194304 1879189000 3145203710 1869872638 1746027046 4294967294 1068636128 4227334134 3254781952 590483488 3905560710 1297808798 282187046 3541304080
0 942178858 3080029132 4022220776 0 1308337354 1056802 4269768182 2717444314 4260864 0 2239783060 722053538 3758088126 1604177700 3732930486
0 26 31 29 31 31 31 0 1 28 23 2 18 31 0 0
0 31 4 28 0 24 12 31 0 15 31 5 20 21 10 9
0 0 0 20 23 31 17 31 31 31 18 3 27 27 6 8
0 1 18 29 0 18 0 15 15 10 16 16 11 31 23 31
0 0 0 0 0 0 0 0 0 0 0 0 0 0 0 0
0 0 0 0 0 0 0 0 0 0 0 0 0 0 0 0
0 0 0 0 0 0 0 0 0 0 0 0 0 0 0 0
0 0 0 0 0 0 0 0 0 0 0 0 0 0 0 0
0 0 0 0 0 0 0 0 0 0 0 0 0 0 0 0
0 0 0 0 0 0 0 0 0 0 0 0 0 0 0 0
0 0 0 0 0 0 0 0 0 0 0 0 0 0 0 0
0 0 0 0 0 0 0 0 0 0 0 0 0 0 0 0
0 0 0 0 0 0 0 0 0 0 0 0 0 0 0 0
0 0 0 0 0 0 0 0 0 0 0 0 0 0 0 0
0 0 0 0 0 0 0 0 0 0 0 0 0 0 0 0
0 0 0 0 0 0 0 0 0 0 0 0 0 0 0 0
2952790014 268632358 132616 878857958 1520380552 8390656 265157776 4294967294 4294926330 4294967294 676069648 2843712012 4194304 4294934524 537919848 3278145616
956302358 3955675754 2680698338 134479876 680002128 1339538106 3065993808 3322144512 3758096274 33686568 4294967278 0 345813940 4294967294 151130376 3644989568
4026269694 3211900412 536870928 2340526484 1646225922 1008857672 541360208 1851079312 587686412 4197043718 4294966270 4042797266 4156547024 2384011970 2558421448 64
537160420 2286944648 3236410342 1421122050 1207992320 4294770686 1074451082 4293689214 3838835314 72454656 0 4290641918 2624485482 1218413584 1284312304 3719678116
3 0 3 0 1 0 2 3 3 3 3 2 0 3 0 2
2 0 1 0 1 2 3 1 3 0 3 0 1 3 0 2
3 2 0 0 0 1 1 3 1 3 3 0 3 0 2 0
3 3 2 1 2 3 1 2 2 1 0 1 2 2 0 2
0 0 0 0 0 0 0 0 0 0 0 0 0 0 0 0
0 0 0 0 0 0 0 0 0 0 0 0 0 0 0 0
0 0 0 0 0 0 0 0 0 0 0 0 0 0 0 0
0 0 0 0 0 0 0 0 0 0 0 0 0 0 0 0
0 0 0 0 0 0 0 0 0 0 0 0 0 0 0 0
0 0 0 0 0 0 0 0 0 0 0 0 0 0 0 0
0 0 0 0 0 0 0 0 0 0 0 0 0 0 0 0
0 0 0 0 0 0 0 0 0 0 0 0 0 0 0 0
0 0 0 0 0 0 0 0 0 0 0 0 0 0 0 0
0 0 0 0 0 0 0 0 0 0 0 0 0 0 0 0
0 0 0 0 0 0 0 0 0 0 0 0 0 0 0 0
0 0 0 0 0 0 0 0 0 0 0 0 0 0 0 0
247463918 137643104 51127488 102060574 78377150 66572026 268434302 0 244203254 8388608 528384 129490390 166723556 268435454 69208480 128415670
268435454 259695176 1056896 9248 250671092 268435438 268433398 262724 234779646 140318834 243695566 173855778 137102464 105092024 140084514 79233304
258972542 768 17705600 23205824 268435452 48061944 163717196 207618046 68714504 655372 0 140301328 199196450 198255342 128449502 259553276
154211214 0 133955322 99356102 1181988 2166400 65552 153940568 256 249142232 177727306 268435454 215390812 255327932 268435446 0
0 0 0 0 0 0 0 0 0 0 0 0 0 0 0 0
0 0 0 0 0 0 0 0 0 0 0 0 0 0 0 0
0 0 0 0 0 0 0 0 0 0 0 0 0 0 0 0
0 0 0 0 0 0 0 0 0 0 0 0 0 0 0 0
0 0 0 0 0 0 0 0 0 0 0 0 0 0 0 0
0 0 0 0 0 0 0 0 0 0 0 0 0 0 0 0
0 0 0 0 0 0 0 0 0 0 0 0 0 0 0 0
0 0 0 0 0 0 0 0 0 0 0 0 0 0 0 0
0 0 0 0 0 0 0 0 0 0 0 0 0 0 0 0
0 0 0 0 0 0 0 0 0 0 0 0 0 0 0 0
0 0 0 0 0 0 0 0 0 0 0 0 0 0 0 0
0 0 0 0 0 0 0 0 0 0 0 0 0 0 0 0
0 0 0 0 0 0 0 0 0 0 0 0 0 0 0 0
0 0 0 0 0 0 0 0 0 0 0 0 0 0 0 0
0 0 0 0 0 0 0 0 0 0 0 0 0 0 0 0
0 0 0 0 0 0 0 0 0 0 0 0 0 0 0 0
131584 362191246 3750624646 1875246256 4294967294 2357072368 4109889498 4001036006 540021064 554697500 2618028966 4076847952 385880836 4293896958 3754818296 4294702590
268435456 59994250 538993672 2314304 3866098552 2872233044 0 2004803582 2137980378 234988112 2146432862 3758060542 823947300 4208917682 2 4294967294
1064300154 1078067202 20480 3084900338 1231357788 2566293040 864376456 3221225438 445401962 1509890 67108864 8192 2148012032 322625102 537960960 3886013692
4294899710 3201128174 304638408 4261412860 3219389950 2172723750 4026531838 541930496 4227858430 4160749566 4276855396 2304 268632064 151020192 3423235244 3592530460
4 4 6 0 7 4 7 7 0 5 1 4 0 5 3 3
0 1 0 0 7 3 2 7 7 0 7 7 6 7 0 7
7 0 0 5 1 0 6 7 6 3 0 0 0 4 0 6
7 7 0 7 7 1 7 0 3 7 5 4 0 2 2 4
0 0 0 0 0 0 0 0 0 0 0 0 0 0 0 0
0 0 0 0 0 0 0 0 0 0 0 0 0 0 0 0
0 0 0 0 0 0 0 0 0 0 0 0 0 0 0 0
0 0 0 0 0 0 0 0 0 0 0 0 0 0 0 0
0 0 0 0 0 0 0 0 0 0 0 0 0 0 0 0
0 0 0 0 0 0 0 0 0 0 0 0 0 0 0 0
0 0 0 0 0 0 0 0 0 0 0 0 0 0 0 0
0 0 0 0 0 0 0 0 0 0 0 0 0 0 0 0
0 0 0 0 0 0 0 0 0 0 0 0 0 0 0 0
0 0 0 0 0 0 0 0 0 0 0 0 0 0 0 0
0 0 0 0 0 0 0 0 0 0 0 0 0 0 0 0
0 0 0 0 0 0 0 0 0 0 0 0 0 0 0 0
571473936 4294967294 1746143232 570427394 4294967294 4160749310 2256809490 3847816570 1692694474 491489442 4294835964 268959744 4294967294 2142765038 4194434 433977294
3221226016 545390592 250346946 4294950846 2183393362 2084301676 1740760544 3489660924 8196 4290772732 4118199916 207814784 3033286102 573067412 512 134775456
4294967294 1324086494 1509912444 4294959070 2420129800 2974555392 3221217270 432224470 4294967294 4292591004 143132964 1960835566 2532271822 2113610 35651586 3807608466
1339537372 4294958078 2602163984 3281572610 1280 3145728 4294967294 1073741828 2116007422 203456642 8912896 4286401914 347014326 2755845606 1785920574 2168459264
70144 516095 8560 66048 524255 499007 176513 127861 456051 55810 524271 0 524287 387069 263176 519406
256 512 162805 507903 435555 511991 241070 491386 16384 491519 522883 213122 412329 491520 0 114688
507391 374651 94975 523263 1052 139923 523135 496931 262143 442111 1 519833 129788 131396 131584 174969
156838 524287 249717 113166 2176 96 491515 256 157079 131201 16384 505197 5288 121478 396783 316234
0 0 0 0 0 0 0 0 0 0 0 0 0 0 0 0
0 0 0 0 0 0 0 0 0 0 0 0 0 0 0 0
0 0 0 0 0 0 0 0 0 0 0 0 0 0 0 0
0 0 0 0 0 0 0 0 0 0 0 0 0 0 0 0
0 0 0 0 0 0 0 0 0 0 0 0 0 0 0 0
0 0 0 0 0 0 0 0 0 0 0 0 0 0 0 0
0 0 0 0 0 0 0 0 0 0 0 0 0 0 0 0
0 0 0 0 0 0 0 0 0 0 0 0 0 0 0 0
0 0 0 0 0 0 0 0 0 0 0 0 0 0 0 0
0 0 0 0 0 0 0 0 0 0 0 0 0 0 0 0
0 0 0 0 0 0 0 0 0 0 0 0 0 0 0 0
0 0 0 0 0 0 0 0 0 0 0 0 0 0 0 0
67117698 158901506 4294964190 2097152 4294959102 2752839426 2145185780 2042625982 3170827962 4294934526 4294967294 403709968 3866886012 4152352236 2844152276 3690852316
2227137238 1624714046 17301760 3754037896 32 3620705150 470550684 2684948720 1195331390 1742009724 1623384896 2550207154 4763654 1221841192 3923956092 0
1784436726 0 853352382 4165902724 16777216 1092801256 4294672062 2659188430 2694806178 3624438786 4000837102 2468356360 2222989824 5514240 2818363390 268439552
1003305028 4294953724 4294967294 4277141498 4227858302 4294967294 3647865408 977511616 4294967030 3393480482 4294440926 3351585170 1180224 4092510206 3923420902 4079154606
0 4 7 0 4 3 7 3 1 7 7 0 6 7 1 7
5 0 0 5 0 7 1 1 3 5 4 6 0 1 4 0
2 0 6 0 0 0 7 4 6 4 1 1 0 1 7 4
0 7 7 3 7 7 4 6 5 1 7 0 0 6 0 2
0 0 0 0 0 0 0 0 0 0 0 0 0 0 0 0
0 0 0 0 0 0 0 0 0 0 0 0 0 0 0 0
0 0 0 0 0 0 0 0 0 0 0 0 0 0 0 0
0 0 0 0 0 0 0 0 0 0 0 0 0 0 0 0
0 0 0 0 0 0 0 0 0 0 0 0 0 0 0 0
0 0 0 0 0 0 0 0 0 0 0 0 0 0 0 0
0 0 0 0 0 0 0 0 0 0 0 0 0 0 0 0
0 0 0 0 0 0 0 0 0 0 0 0 0 0 0 0
0 0 0 0 0 0 0 0 0 0 0 0 0 0 0 0
0 0 0 0 0 0 0 0 0 0 0 0 0 0 0 0
0 0 0 0 0 0 0 0 0 0 0 0 0 0 0 0
0 0 0 0 0 0 0 0 0 0 0 0 0 0 0 0
315643592 3691110446 24 2130166590 345256540 0 4176475902 1788673498 3969874658 4087591652 4294443006 1359480832 2668167344 2682224502 3816775696 0
3707764606 16436 4276869302 4286554108 2147450878 4227233004 1877981358 4293917646 262255440 4294442734 4294967294 4071486444 4226809854 3222812864 4294967286 0
3772065040 3989307516 33687552 2658872814 1023403502 3726175326 3322021026 3837083454 4069924376 4042686440 17047564 3120767512 2147450874 0 4252702144 17043520
673841672 1186435298 0 1974377686 3741285350 1484882434 338732362 3183345658 4092062654 68878336 843108384 4294965502 3201082896 2152323244 566231040 4294967278
713 749 0 599 841 0 991 653 442 12 1023 128 64 831 852 0
1017 512 365 959 1023 895 831 1023 419 1023 1023 682 1023 16 1019 0
750 375 0 890 690 823 32 599 178 462 18 1020 1015 0 717 436
8 938 0 35 958 69 2 1019 733 51 241 893 194 532 192 1023
0 0 0 0 0 0 0 0 0 0 0 0 0 0 0 0
0 0 0 0 0 0 0 0 0 0 0 0 0 0 0 0
0 0 0 0 0 0 0 0 0 0 0 0 0 0 0 0
0 0 0 0 0 0 0 0 0 0 0 0 0 0 0 0
0 0 0 0 0 0 0 0 0 0 0 0 0 0 0 0
0 0 0 0 0 0 0 0 0 0 0 0 0 0 0 0
0 0 0 0 0 0 0 0 0 0 0 0 0 0 0 0
0 0 0 0 0 0 0 0 0 0 0 0 0 0 0 0
0 0 0 0 0 0 0 0 0 0 0 0 0 0 0 0
0 0 0 0 0 0 0 0 0 0 0 0 0 0 0 0
0 0 0 0 0 0 0 0 0 0 0 0 0 0 0 0
0 0 0 0 0 0 0 0 0 0 0 0 0 0 0 0
2931152870 2539797408 1256695386 2143205310 350226950 3009677364 3928502384 4259294814 3032268098 4294967294 4115647282 4278189822 3489028674 1065984 4294967294 4261150718
4290510846 3407181586 3136268192 73142336 4294967294 3538703732 413941494 4278157182 1619289120 4261408766 1033890798 1074005760 16777220 2135948512 1796227476 2828050394
2104421366 148015104 3466569192 4261347326 67698688 2914406182 4294893044 496629252 4292771578 3680501750 1878457214 422631458 2134272 3825202684 1988170702 4294901470
740103380 2816406138 64 3587411604 2360616512 1564809050 1106583834 2112225148 4294835828 1613927804 4258267134 47469988 4294963198 296749332 4294895284 3431025802
121 62 99 125 36 77 104 87 51 111 33 127 82 8 127 123
127 36 104 5 127 19 48 127 34 126 92 4 2 33 57 85
126 10 104 126 0 8 63 105 107 115 63 96 96 122 123 127
25 116 0 123 77 95 60 127 122 19 127 35 123 35 63 0
0 0 0 0 0 0 0 0 0 0 0 0 0 0 0 0
0 0 0 0 0 0 0 0 0 0 0 0 0 0 0 0
0 0 0 0 0 0 0 0 0 0 0 0 0 0 0 0
0 0 0 0 0 0 0 0 0 0 0 0 0 0 0 0
0 0 0 0 0 0 0 0 0 0 0 0 0 0 0 0
0 0 0 0 0 0 0 0 0 0 0 0 0 0 0 0
0 0 0 0 0 0 0 0 0 0 0 0 0 0 0 0
0 0 0 0 0 0 0 0 0 0 0 0 0 0 0 0
0 0 0 0 0 0 0 0 0 0 0 0 0 0 0 0
0 0 0 0 0 0 0 0 0 0 0 0 0 0 0 0
0 0 0 0 0 0 0 0 0 0 0 0 0 0 0 0
0 0 0 0 0 0 0 0 0 0 0 0 0 0 0 0
570828358 1456146068 3651743024 3061776382 3686294212 4096 829498686 28336796 469483448 4026462204 1805665298 3204404926 1132724298 277430940 4025991102 4093623798
805478912 1031415396 4294967294 2919215098 4294967294 2884644 4290772702 2478278970 1771885846 4294967294 3034787190 134203284 1975517116 1598109000 1006025430 4277662076
4108300854 4001353724 2976524674 4294967294 1082130268 3103643388 3623877950 3879965078 2062960628 768 680087602 1650943690 3239052872 4242533782 4292607990 1073741824
1696799816 3539420922 3414159294 761147968 847956104 3870617830 2061811788 3488536058 3187146486 41943696 4294825326 29959220 1210210600 4140047180 165004 3757489148
263290 4152 344055 389115 484361 0 387244 452821 145834 194559 118804 511966 364335 57408 523263 518585
66052 104884 524287 517245 524287 4136 262142 393210 335619 523263 423270 520189 490959 33116 458576 325913
490329 471917 363149 507869 515831 261598 262135 343772 149980 267328 279016 320766 544 417742 520191 0
495460 244083 378735 320963 476292 376469 12610 391531 448619 18720 450553 244824 267034 359151 18688 522239
0 0 0 0 0 0 0 0 0 0 0 0 0 0 0 0
0 0 0 0 0 0 0 0 0 0 0 0 0 0 0 0
0 0 0 0 0 0 0 0 0 0 0 0 0 0 0 0
0 0 0 0 0 0 0 0 0 0 0 0 0 0 0 0
0 0 0 0 0 0 0 0 0 0 0 0 0 0 0 0
0 0 0 0 0 0 0 0 0 0 0 0 0 0 0 0
0 0 0 0 0 0 0 0 0 0 0 0 0 0 0 0
0 0 0 0 0 0 0 0 0 0 0 0 0 0 0 0
0 0 0 0 0 0 0 0 0 0 0 0 0 0 0 0
0 0 0 0 0 0 0 0 0 0 0 0 0 0 0 0
0 0 0 0 0 0 0 0 0 0 0 0 0 0 0 0
0 0 0 0 0 0 0 0 0 0 0 0 0 0 0 0
1140283786 1590157202 2550239904 3392661646 2397044702 4059780986 4151242460 2440986416 1342177286 4285923326 199949346 256 4157145022 497008638 4294967294 326179712
268599308 65548 512 2148478080 1242741954 2411372214 1879056456 340021432 3823073020 2917204882 690797730 4278157310 4093049854 517699680 2331863030 4294915006
268443648 3453639654 224268848 3720717688 4224970750 4261412854 4289816828 903864798 3730444004 4294967294 2212592126 4026267182 1971317758 4182875216 202375296 1112276794
2091526824 32 972721980 1113972736 1926704126 4294967294 4294967286 4267638262 1075858498 655628356 2972713728 4292870142 4294442990 4093306622 4294967294 2348818432
1345834 502628 4731921 1084192 6913979 5994238 4061622 3768435 73728 8322555 4253516 2064 4173631 2751639 8355839 304750
4195488 262144 0 73900 1839927 4046063 1049125 1206294 4061055 4834596 7589276 8386559 8236476 4307368 2458417 8355839
34818 8322878 3174741 7143135 7208892 8386495 8255103 7330379 2496517 8388607 19300 2555895 7826879 5135641 6655623 81217
3735981 4416 55853 4794976 8257277 8388607 8124927 8256511 2621440 197312 1217313 8257535 1044457 7331836 7864319 458758
0 0 0 0 0 0 0 0 0 0 0 0 0 0 0 0
0 0 0 0 0 0 0 0 0 0 0 0 0 0 0 0
0 0 0 0 0 0 0 0 0 0 0 0 0 0 0 0
0 0 0 0 0 0 0 0 0 0 0 0 0 0 0 0
0 0 0 0 0 0 0 0 0 0 0 0 0 0 0 0
0 0 0 0 0 0 0 0 0 0 0 0 0 0 0 0
0 0 0 0 0 0 0 0 0 0 0 0 0 0 0 0
0 0 0 0 0 0 0 0 0 0 0 0 0 0 0 0
0 0 0 0 0 0 0 0 0 0 0 0 0 0 0 0
0 0 0 0 0 0 0 0 0 0 0 0 0 0 0 0
0 0 0 0 0 0 0 0 0 0 0 0 0 0 0 0
0 0 0 0 0 0 0 0 0 0 0 0 0 0 0 0
2743144482 3086982894 239091580 4278190078 3221225470 3933606480 8388610 1140899920 3670470780 131072 4294967294 3738156030 0 2147483582 2235648080 3369473064
236496918 4294957818 604508180 134222080 4294967294 299416 2615802620 4294918078 174429224 3767129126 3481039352 1606930430 518437892 151027712 2145353726 5425480
4227862560 3202346718 1430876764 3753632312 4250920766 3211635022 3422525564 3757997918 4290772988 2164793384 518644120 2048 591430400 3204448124 1133531234 1245741204
1818808846 4278181362 3559000164 2354397720 2751496222 1138519520 1516359486 8192 40146984 1540178798 1074855938 1526530076 67141888 3145588714 268583504 43299136
8220 2278 14967 16383 16383 7083 128 9216 6625 512 16383 13815 0 16383 6808 3424
13616 15855 3201 64 16383 8769 6142 16351 11703 12833 11115 15341 561 2182 16383 11266
344 15355 13110 5295 3552 14131 9679 15839 16383 8966 4098 0 8512 16382 70 3072
10880 16239 5384 10698 10259 4083 8573 0 2562 12335 2144 6801 8456 9710 4128 272
0 0 0 0 0 0 0 0 0 0 0 0 0 0 0 0
0 0 0 0 0 0 0 0 0 0 0 0 0 0 0 0
0 0 0 0 0 0 0 0 0 0 0 0 0 0 0 0
0 0 0 0 0 0 0 0 0 0 0 0 0 0 0 0
0 0 0 0 0 0 0 0 0 0 0 0 0 0 0 0
0 0 0 0 0 0 0 0 0 0 0 0 0 0 0 0
0 0 0 0 0 0 0 0 0 0 0 0 0 0 0 0
0 0 0 0 0 0 0 0 0 0 0 0 0 0 0 0
0 0 0 0 0 0 0 0 0 0 0 0 0 0 0 0
0 0 0 0 0 0 0 0 0 0 0 0 0 0 0 0
0 0 0 0 0 0 0 0 0 0 0 0 0 0 0 0
0 0 0 0 0 0 0 0 0 0 0 0 0 0 0 0
455514490 1879014770 2143289342 2131030960 457069710 864923578 2059394810 1070313134 539011084 2147483582 65812 1695707208 1337917320 2147483614 2147483646 1776267118
559933192 528384 526336 8388610 16384 2147479422 2145378302 0 911727356 39918672 344195712 1391889018 33571328 2076516210 2147482622 1577058302
858598004 131076 1280 1029318964 2145386494 32768 12582944 68241456 1773400368 4096 2147450878 67245056 2147412078 268697600 392044202 2118061904
2046509038 1615659524 2130687930 948786104 1593634814 8593452 2146959228 2 2094513946 33573124 2106571756 0 675561764 4 131140 2147368958
0 0 0 0 0 0 0 0 0 0 0 0 0 0 0 0
0 0 0 0 0 0 0 0 0 0 0 0 0 0 0 0
0 0 0 0 0 0 0 0 0 0 0 0 0 0 0 0
0 0 0 0 0 0 0 0 0 0 0 0 0 0 0 0
0 0 0 0 0 0 0 0 0 0 0 0 0 0 0 0
0 0 0 0 0 0 0 0 0 0 0 0 0 0 0 0
0 0 0 0 0 0 0 0 0 0 0 0 0 0 0 0
0 0 0 0 0 0 0 0 0 0 0 0 0 0 0 0
0 0 0 0 0 0 0 0 0 0 0 0 0 0 0 0
0 0 0 0 0 0 0 0 0 0 0 0 0 0 0 0
0 0 0 0 0 0 0 0 0 0 0 0 0 0 0 0
0 0 0 0 0 0 0 0 0 0 0 0 0 0 0 0
0 0 0 0 0 0 0 0 0 0 0 0 0 0 0 0
0 0 0 0 0 0 0 0 0 0 0 0 0 0 0 0
0 0 0 0 0 0 0 0 0 0 0 0 0 0 0 0
0 0 0 0 0 0 0 0 0 0 0 0 0 0 0 0
267845630 8561152 268435454 213728858 51645728 148195440 640 229881364 107643288 268435454 134219778 243686412 35930112 201326318 98173130 268435454
35889504 184285580 264752814 9707538 215846554 18944 55164800 114998494 131072 142737424 17408 76219302 72361984 197777652 259194326 250603158
268398574 245365502 81940604 155209874 67108538 18874368 231470974 1730176 167788544 234881006 154821950 104934408 69866626 159314878 194302958 183352250
268155582 1321248 1115136 156761914 110702878 4096 242447802 65872 134230272 263770830 134351058 227661694 267124186 3546204 95486752 133529598
0 0 0 0 0 0 0 0 0 0 0 0 0 0 0 0
0 0 0 0 0 0 0 0 0 0 0 0 0 0 0 0
0 0 0 0 0 0 0 0 0 0 0 0 0 0 0 0
0 0 0 0 0 0 0 0 0 0 0 0 0 0 0 0
0 0 0 0 0 0 0 0 0 0 0 0 0 0 0 0
0 0 0 0 0 0 0 0 0 0 0 0 0 0 0 0
0 0 0 0 0 0 0 0 0 0 0 0 0 0 0 0
0 0 0 0 0 0 0 0 0 0 0 0 0 0 0 0
0 0 0 0 0 0 0 0 0 0 0 0 0 0 0 0
0 0 0 0 0 0 0 0 0 0 0 0 0 0 0 0
0 0 0 0 0 0 0 0 0 0 0 0 0 0 0 0
0 0 0 0 0 0 0 0 0 0 0 0 0 0 0 0
0 0 0 0 0 0 0 0 0 0 0 0 0 0 0 0
0 0 0 0 0 0 0 0 0 0 0 0 0 0 0 0
0 0 0 0 0 0 0 0 0 0 0 0 0 0 0 0
0 0 0 0 0 0 0 0 0 0 0 0 0 0 0 0
4292697526 4294836214 2080112574 35817472 16624 4294967294 1482168832 67373064 3174497116 2988010712 514 3236562562 1862267372 35783682 4286578670 3919745516
1145050120 3727437012 4129486422 328394170 267101898 4286545918 3895388258 164801112 1968618006 2717921600 33588488 3892137950 402213624 168307232 4258774950 3086745462
0 1449271704 3017537502 1055719658 3063358846 612837036 2052385450 4294963182 3643433730 192973598 8950032 2164260992 16810240 553649280 413592550 4284809270
3468797390 3615284220 30893322 4260338622 671613216 216985848 41945410 2281774214 4294967292 4294967294 3572891574 2035203290 2688844936 270565378 604184168 2661626098
1791 2039 1919 0 0 2047 184 36 1407 1320 0 168 1423 0 2047 1371
128 247 1472 816 1211 1535 1448 1999 1495 262 704 1593 571 320 1786 1998
0 1479 1495 1365 2046 1160 1769 1620 883 113 8 8 4 1419 266 1503
1532 1759 1335 1022 72 1399 30 90 1791 2047 1975 1303 273 72 1658 334
0 0 0 0 0 0 0 0 0 0 0 0 0 0 0 0
0 0 0 0 0 0 0 0 0 0 0 0 0 0 0 0
0 0 0 0 0 0 0 0 0 0 0 0 0 0 0 0
0 0 0 0 0 0 0 0 0 0 0 0 0 0 0 0
0 0 0 0 0 0 0 0 0 0 0 0 0 0 0 0
0 0 0 0 0 0 0 0 0 0 0 0 0 0 0 0
0 0 0 0 0 0 0 0 0 0 0 0 0 0 0 0
0 0 0 0 0 0 0 0 0 0 0 0 0 0 0 0
0 0 0 0 0 0 0 0 0 0 0 0 0 0 0 0
0 0 0 0 0 0 0 0 0 0 0 0 0 0 0 0
0 0 0 0 0 0 0 0 0 0 0 0 0 0 0 0
0 0 0 0 0 0 0 0 0 0 0 0 0 0 0 0
4190109694 59286016 2139095038 538190436 4194170846 4001523956 260766850 3471562736 4294967292 3558438656 4294959102 1342177280 1085816996 1048576 3293053528 2187593728
2683568126 1071247102 2174148672 2149189632 4294967294 3992451434 4291817470 0 575941008 1046863104 1578058944 606097440 4294967294 161318932 2872279060 272965634
159384738 4285530110 4294959102 2145910206 100729622 4224516082 1601665982 814466234 3210487710 0 3955915614 2416386110 2224063234 4160609278 4244143610 545329152
3623878614 3992944634 4273957886 4243312638 34603008 2952989584 630102466 4294967294 4294901746 4294967294 4026523606 46684970 4294964222 1514959666 3488669300 0
63 0 63 41 61 47 13 63 46 28 24 4 34 0 0 28
57 60 56 0 63 63 31 0 23 32 32 8 31 17 57 12
11 63 63 63 0 45 55 45 58 1 7 18 6 63 11 16
63 63 31 59 32 37 22 47 63 63 63 18 63 22 34 0
0 0 0 0 0 0 0 0 0 0 0 0 0 0 0 0
0 0 0 0 0 0 0 0 0 0 0 0 0 0 0 0
0 0 0 0 0 0 0 0 0 0 0 0 0 0 0 0
0 0 0 0 0 0 0 0 0 0 0 0 0 0 0 0
0 0 0 0 0 0 0 0 0 0 0 0 0 0 0 0
0 0 0 0 0 0 0 0 0 0 0 0 0 0 0 0
0 0 0 0 0 0 0 0 0 0 0 0 0 0 0 0
0 0 0 0 0 0 0 0 0 0 0 0 0 0 0 0
0 0 0 0 0 0 0 0 0 0 0 0 0 0 0 0
0 0 0 0 0 0 0 0 0 0 0 0 0 0 0 0
0 0 0 0 0 0 0 0 0 0 0 0 0 0 0 0
0 0 0 0 0 0 0 0 0 0 0 0 0 0 0 0
3992632786 2783964798 4151309038 4202496 4294967294 4150198204 1047523192 675971444 2155873920 2646048398 1367038012 3085697022 2172911936 931413570 810156032 1006683264
3623878638 872415232 2825368062 867413404 2106572798 1185308690 0 4013416366 2166358404 2073430944 2348554958 493208064 69698120 1114567966 4289593278 4226939518
4294753654 1342726398 3487156174 645095410 37814280 4127047422 67454474 4244230844 536870912 2483028240 4293914298 3437193356 2680741846 2417549312 2655680930 0
152311744 4294966638 789325566 1257760926 2697076736 2641566668 2941190438 425994 2952771066 2737044744 1099288840 4294966782 4277141502 3389194368 4192073690 4150589950
3763 7759 2747 74 8191 6079 2877 4591 3008 7162 592 7103 2 1858 1188 5192
8191 6200 7898 4075 8121 2565 32 8158 857 7486 3671 26 642 2486 7069 3966
7679 3261 7418 8185 0 4595 21 455 2048 2594 4095 6569 1791 1856 1551 1
180 8191 5719 8042 1237 4669 3457 2 7935 7153 6160 8063 8191 4 7383 6204
0 0 0 0 0 0 0 0 0 0 0 0 0 0 0 0
0 0 0 0 0 0 0 0 0 0 0 0 0 0 0 0
0 0 0 0 0 0 0 0 0 0 0 0 0 0 0 0
0 0 0 0 0 0 0 0 0 0 0 0 0 0 0 0
0 0 0 0 0 0 0 0 0 0 0 0 0 0 0 0
0 0 0 0 0 0 0 0 0 0 0 0 0 0 0 0
0 0 0 0 0 0 0 0 0 0 0 0 0 0 0 0
0 0 0 0 0 0 0 0 0 0 0 0 0 0 0 0
0 0 0 0 0 0 0 0 0 0 0 0 0 0 0 0
0 0 0 0 0 0 0 0 0 0 0 0 0 0 0 0
0 0 0 0 0 0 0 0 0 0 0 0 0 0 0 0
0 0 0 0 0 0 0 0 0 0 0 0 0 0 0 0
10752000 1073673212 605668354 0 4226416622 24 33587232 37769280 3891527420 4273700574 16318464 524288 4026499070 3221274632 196608 4292832206
1410383872 1209008262 3489652734 412353090 0 2903895230 32 3418343166 4129350414 1073747472 3262514948 0 3405774846 3210739006 16777216 1218511616
560020458 1108439046 1107603458 65798 4294967262 2655644100 2831465998 365469758 8388608 3182428158 873615440 4294967294 489118490 4294967230 1593533950 2
3079372752 1048475100 2559602212 1348545536 4213499868 3887656190 1716753792 1612194048 517141816 752268674 4294966766 1442494428 3006780732 4059958874 22155266 56696618
324 2047 787 0 982 0 512 0 727 1023 33 0 2047 0 72 959
516 0 2047 1027 32 759 0 1918 23 1024 1565 0 1503 1535 0 32
1347 1585 128 12 2047 407 1688 1621 0 1915 1550 2047 1994 1791 1964 0
827 1786 264 1217 1510 420 1793 32 50 1966 2047 2039 1259 1189 64 596
0 0 0 0 0 0 0 0 0 0 0 0 0 0 0 0
0 0 0 0 0 0 0 0 0 0 0 0 0 0 0 0
0 0 0 0 0 0 0 0 0 0 0 0 0 0 0 0
0 0 0 0 0 0 0 0 0 0 0 0 0 0 0 0
0 0 0 0 0 0 0 0 0 0 0 0 0 0 0 0
0 0 0 0 0 0 0 0 0 0 0 0 0 0 0 0
0 0 0 0 0 0 0 0 0 0 0 0 0 0 0 0
0 0 0 0 0 0 0 0 0 0 0 0 0 0 0 0
0 0 0 0 0 0 0 0 0 0 0 0 0 0 0 0
0 0 0 0 0 0 0 0 0 0 0 0 0 0 0 0
0 0 0 0 0 0 0 0 0 0 0 0 0 0 0 0
0 0 0 0 0 0 0 0 0 0 0 0 0 0 0 0
151192070 503310334 266722952 367251170 260749308 8192 290513096 517462006 266846206 448462140 364158788 102617734 146274036 0 250822058 530902766
121429562 536870782 251002878 76417092 129072542 379224402 168 414593536 179719736 536869886 385777534 9715978 419401894 100454832 12649488 158793598
51511872 67114884 16512 8653832 532676574 278204416 413510406 536870910 132890504 105797130 78170924 17039360 394215102 306326024 16777216 64
291635488 447880372 534747726 528351222 535339004 335577090 134394008 256 339042048 192925396 402391038 304614176 0 309880696 536837822 380916000
0 0 0 0 0 0 0 0 0 0 0 0 0 0 0 0
0 0 0 0 0 0 0 0 0 0 0 0 0 0 0 0
0 0 0 0 0 0 0 0 0 0 0 0 0 0 0 0
0 0 0 0 0 0 0 0 0 0 0 0 0 0 0 0
0 0 0 0 0 0 0 0 0 0 0 0 0 0 0 0
0 0 0 0 0 0 0 0 0 0 0 0 0 0 0 0
0 0 0 0 0 0 0 0 0 0 0 0 0 0 0 0
0 0 0 0 0 0 0 0 0 0 0 0 0 0 0 0
0 0 0 0 0 0 0 0 0 0 0 0 0 0 0 0
0 0 0 0 0 0 0 0 0 0 0 0 0 0 0 0
0 0 0 0 0 0 0 0 0 0 0 0 0 0 0 0
0 0 0 0 0 0 0 0 0 0 0 0 0 0 0 0
0 0 0 0 0 0 0 0 0 0 0 0 0 0 0 0
0 0 0 0 0 0 0 0 0 0 0 0 0 0 0 0
0 0 0 0 0 0 0 0 0 0 0 0 0 0 0 0
0 0 0 0 0 0 0 0 0 0 0 0 0 0 0 0
299008 4294967294 8761370 597582924 1684818010 2990942320 4268975838 4289442810 1208244292 2156481420 2420245512 3355042774 3967778262 1346634778 537469364 4026515454
2159191430 503513088 3221224446 526338 2548242500 574611446 4294950840 8388640 4164673470 3221225406 1073744450 2113917742 0 939931776 1711276288 2080610486
2663374674 68819376 3488923372 301989888 41943320 3535715318 1351828672 3221217278 340033728 4184135416 3932421854 4294958078 2592220016 4286578668 4294688680 296387912
4294934522 321298632 4290771902 4098710128 0 0 4225742846 0 2445453576 3519172864 2661220350 4294966778 3118135068 545523714 35192896 183457622
0 63 5 47 26 37 59 59 0 0 18 46 61 8 1 63
16 0 63 0 1 46 63 9 59 63 2 63 0 4 2 4
53 25 44 0 10 61 25 63 52 29 43 63 44 61 51 10
55 57 63 59 0 0 45 32 16 8 55 63 18 2 58 40
0 0 0 0 0 0 0 0 0 0 0 0 0 0 0 0
0 0 0 0 0 0 0 0 0 0 0 0 0 0 0 0
0 0 0 0 0 0 0 0 0 0 0 0 0 0 0 0
0 0 0 0 0 0 0 0 0 0 0 0 0 0 0 0
0 0 0 0 0 0 0 0 0 0 0 0 0 0 0 0
0 0 0 0 0 0 0 0 0 0 0 0 0 0 0 0
0 0 0 0 0 0 0 0 0 0 0 0 0 0 0 0
0 0 0 0 0 0 0 0 0 0 0 0 0 0 0 0
0 0 0 0 0 0 0 0 0 0 0 0 0 0 0 0
0 0 0 0 0 0 0 0 0 0 0 0 0 0 0 0
0 0 0 0 0 0 0 0 0 0 0 0 0 0 0 0
0 0 0 0 0 0 0 0 0 0 0 0 0 0 0 0
4193545722 3950987166 3914770366 3690954478 1478435862 4261412862 2214756480 4293918718 1624666122 0 3020231060 3749639924 4227530750 4160749054 0 1421719842
1146966016 3874335614 1482006220 3688087262 3283377882 3159943240 4294933434 339755264 2217955018 671094784 3934223034 519880984 2004680840 606863380 3219060330 2482746220
1396116242 2550126582 931052396 4294110194 1460199556 2134790768 3884265788 13005826 3762832640 2548300762 2941637598 1082523648 537395200 23855872 4294967294 4269801422
540928 314360936 3288989728 4151093624 4276865016 2209089332 373834850 164103946 4294967278 3723491246 4260036606 3338199030 4226414576 80744962 3678728670 3534389236
490487 515919 412598 519659 91993 524287 130 524287 77826 1 375784 212991 519679 491519 0 116330
339264 253499 164172 420599 470767 323820 484339 205384 140846 264354 56763 453063 288812 4096 501631 474566
198727 190331 408614 352239 18810 326468 156500 72321 285712 436527 464792 0 16 410392 524287 521979
1 334725 2112 488933 310755 335793 0 4760 524286 286669 489471 392701 252862 12868 444867 168586
0 0 0 0 0 0 0 0 0 0 0 0 0 0 0 0
0 0 0 0 0 0 0 0 0 0 0 0 0 0 0 0
0 0 0 0 0 0 0 0 0 0 0 0 0 0 0 0
0 0 0 0 0 0 0 0 0 0 0 0 0 0 0 0
0 0 0 0 0 0 0 0 0 0 0 0 0 0 0 0
0 0 0 0 0 0 0 0 0 0 0 0 0 0 0 0
0 0 0 0 0 0 0 0 0 0 0 0 0 0 0 0
0 0 0 0 0 0 0 0 0 0 0 0 0 0 0 0
0 0 0 0 0 0 0 0 0 0 0 0 0 0 0 0
0 0 0 0 0 0 0 0 0 0 0 0 0 0 0 0
0 0 0 0 0 0 0 0 0 0 0 0 0 0 0 0
0 0 0 0 0 0 0 0 0 0 0 0 0 0 0 0
[/x_train]

[d_train]
4094 6 2097150 16383 126 67108863 4294967295 4095 0 0 0 0 0 0 1 0
0 0 0 0 0 0 0 0 0 0 0 0 0 0 0 0
0 0 0 0 0 0 0 0 4294967294 1048574 4294967294 30 65535 536870911 8388607 1073741823
3 0 4095 0 0 0 0 0 0 0 0 0 0 0 0 0
0 0 0 0 0 0 0 0 0 0 0 0 0 0 0 0
16777214 1 62 2147483647 4294967295 2147483647 511 4294967295 0 0 0 0 15 0 0 1
0 0 0 0 0 0 0 0 0 0 0 0 0 0 0 0
0 0 0 0 0 0 0 0 4294967294 254 0 16777215 2147483647 65535 1073741823 8388607
1 0 0 0 0 0 0 0 0 0 0 0 0 0 0 0
0 0 0 0 0 0 0 0 0 0 0 0 0 0 0 0
254 6 255 16383 134217727 67108863 4294967295 511 0 0 0 0 0 0 32767 0
0 0 0 0 0 0 0 0 0 0 0 0 0 0 0 0
0 0 0 0 0 0 0 0 2046 15 16382 8190 134217727 262142 4294967295 4294967295
0 0 0 0 0 0 262143 31 0 0 0 0 0 0 0 0
0 0 0 0 0 0 0 0 0 0 0 0 0 0 0 0
2097150 32767 7 1 8388607 2097151 16383 16777215 0 0 0 0 0 0 0 0
0 0 0 0 0 0 0 0 0 0 0 0 0 0 0 0
0 0 0 0 0 0 0 0 262142 254 2097150 536870911 15 8191 16777215 262143
0 0 0 0 0 0 0 0 0 0 0 0 0 0 0 0
0 0 0 0 0 0 0 0 0 0 0 0 0 0 0 0
134217726 14 4294967294 4294967295 67108863 65535 15 4095 0 0 7 262143 0 0 0 0
0 0 0 0 0 0 0 0 0 0 0 0 0 0 0 0
0 0 0 0 0 0 0 0 4294967294 268435454 268435454 4294967295 4294967295 4294967295 4294967295 262143
2047 0 0 15 15 15 63 0 0 0 0 0 0 0 0 0
0 0 0 0 0 0 0 0 0 0 0 0 0 0 0 0
126 1 65534 4294967295 1 63 16777215 7 0 0 0 2047 0 0 0 0
0 0 0 0 0 0 0 0 0 0 0 0 0 0 0 0
0 0 0 0 0 0 0 0 524286 131071 254 32766 63 62 524287 0
0 0 0 0 0 0 0 0 0 0 0 0 0 0 0 0
0 0 0 0 0 0 0 0 0 0 0 0 0 0 0 0
1022 0 4294967294 131071 2047 127 127 67108863 0 0 1 0 0 0 0 0
0 0 0 0 0 0 0 0 0 0 0 0 0 0 0 0
0 0 0 0 0 0 0 0 33554430 4095 0 8388607 1048575 1022 4294967295 134217727
0 0 0 0 0 0 1048575 0 0 0 0 0 0 0 0 0
0 0 0 0 0 0 0 0 0 0 0 0 0 0 0 0
255 4194302 65534 524287 3 4294967295 0 127 0 0 0 0 0 31 0 0
0 0 0 0 0 0 0 0 0 0 0 0 0 0 0 0
0 0 0 0 0 0 0 0 254 32766 4294967294 4294967295 511 255 32767 131071
0 0 1 1 0 0 0 0 0 0 0 0 0 0 0 0
0 0 0 0 0 0 0 0 0 0 0 0 0 0 0 0
134217726 1048574 8388606 65535 32767 4294967295 1048575 1048575 0 0 0 0 0 0 0 0
0 0 0 0 0 0 0 0 0 0 0 0 0 0 0 0
0 0 0 0 0 0 0 0 1073741822 255 1048574 33554431 65535 0 2097151 32767
0 0 0 0 0 0 0 0 0 0 0 0 0 0 0 0
0 0 0 0 0 0 0 0 0 0 0 0 0 0 0 0
268435454 1022 4294967294 4294967295 8191 16777215 4294967295 63 0 0 255 3 0 0 8191 0
0 0 0 0 0 0 0 0 0 0 0 0 0 0 0 0
0 0 0 0 0 0 0 0 4294967294 1022 0 8191 4194303 4194303 4194303 4294967295
2097151 0 0 0 0 0 0 16383 0 0 0 0 0 0 0 0
0 0 0 0 0 0 0 0 0 0 0 0 0 0 0 0
4294967294 4094 4294967294 2147483647 524287 268435455 4294967295 524287 7 0 0 0 0 0 63 0
0 0 0 0 0 0 0 0 0 0 0 0 0 0 0 0
0 0 0 0 0 0 0 0 2147483646 4094 65534 65535 268435455 4294967295 268435455 4294967295
0 0 0 0 0 1 0 1 0 0 0 0 0 0 0 0
0 0 0 0 0 0 0 0 0 0 0 0 0 0 0 0
2097150 255 62 1 1048575 65535 67108863 1048575 0 0 0 0 0 0 0 0
0 0 0 0 0 0 0 0 0 0 0 0 0 0 0 0
0 0 0 0 0 0 0 0 524286 63 62 2097151 30 2097151 65535 4194303
0 0 0 0 0 0 0 0 0 0 0 0 0 0 0 0
0 0 0 0 0 0 0 0 0 0 0 0 0 0 0 0
4094 4194302 67108862 4294967295 32766 4294967295 4294967295 16777215 0 0 0 7 0 63 2047 0
0 0 0 0 0 0 0 0 0 0 0 0 0 0 0 0
0 0 0 0 0 0 0 0 4294967294 0 510 4294967295 1023 255 1048575 1
16383 0 0 127 0 0 0 0 0 0 0 0 0 0 0 0
0 0 0 0 0 0 0 0 0 0 0 0 0 0 0 0
4294967294 8190 268435454 268435455 131070 4294967295 4294967295 131071 1023 0 0 0 0 16383 7 0
0 0 0 0 0 0 0 0 0 0 0 0 0 0 0 0
0 0 0 0 0 0 0 0 4294967294 15 262142 8388607 1023 1 524287 15
4095 0 0 0 0 0 0 0 0 0 0 0 0 0 0 0
0 0 0 0 0 0 0 0 0 0 0 0 0 0 0 0
65534 14 131070 4294967295 2097150 2097151 16777215 4294967295 0 0 0 1023 0 0 0 3
0 0 0 0 0 0 0 0 0 0 0 0 0 0 0 0
0 0 0 0 0 0 0 0 4294967294 510 1073741822 33554431 3 126 4294967295 16777215
4194303 0 0 0 0 0 7 0 0 0 0 0 0 0 0 0
0 0 0 0 0 0 0 0 0 0 0 0 0 0 0 0
4294967294 134217726 33554430 4294967295 4095 16777215 4194303 16383 1023 0 0 0 0 0 0 0
0 0 0 0 0 0 0 0 0 0 0 0 0 0 0 0
0 0 0 0 0 0 0 0 67108862 126 4294967294 65535 6 524287 131071 16777215
0 0 3 0 0 0 0 0 0 0 0 0 0 0 0 0
0 0 0 0 0 0 0 0 0 0 0 0 0 0 0 0
4294967294 126 2097150 1048575 7 0 4294967295 4294967295 3 0 0 0 0 0 127 7
0 0 0 0 0 0 0 0 0 0 0 0 0 0 0 0
0 0 0 0 0 0 0 0 2147483646 33554430 16777214 4294967295 1 262143 0 16383
0 0 0 8388607 0 0 0 0 0 0 0 0 0 0 0 0
0 0 0 0 0 0 0 0 0 0 0 0 0 0 0 0
4294967294 131070 4194302 4294967295 2046 4294967295 268435455 511 255 0 0 255 0 3 0 0
0 0 0 0 0 0 0 0 0 0 0 0 0 0 0 0
0 0 0 0 0 0 0 0 4294967294 3 4294967294 7 31 1 8191 33554431
31 0 63 0 0 0 0 0 0 0 0 0 0 0 0 0
0 0 0 0 0 0 0 0 0 0 0 0 0 0 0 0
127 32767 4095 32767 1 134217727 134217727 127 0 0 0 0 0 0 0 0
0 0 0 0 0 0 0 0 0 0 0 0 0 0 0 0
0 0 0 0 0 0 0 0 4294967294 2046 510 2047 1073741823 2046 4294967295 8388607
15 0 0 0 0 0 255 0 0 0 0 0 0 0 0 0
0 0 0 0 0 0 0 0 0 0 0 0 0 0 0 0
254 511 8190 4194303 16777215 16777215 4194303 8388607 0 0 0 0 0 0 0 0
0 0 0 0 0 0 0 0 0 0 0 0 0 0 0 0
0 0 0 0 0 0 0 0 4294967294 16777214 16382 4095 16383 4294967295 4294967295 4294967295
2047 0 0 0 0 1023 31 16383 0 0 0 0 0 0 0 0
0 0 0 0 0 0 0 0 0 0 0 0 0 0 0 0
4294967294 262143 16382 524287 510 268435455 8388607 16777215 268435455 0 0 0 0 0 0 0
0 0 0 0 0 0 0 0 0 0 0 0 0 0 0 0
0 0 0 0 0 0 0 0 4294967294 7 1022 536870911 254 4095 4294967295 4095
0 0 0 0 0 0 8191 0 0 0 0 0 0 0 0 0
0 0 0 0 0 0 0 0 0 0 0 0 0 0 0 0
2046 1 131070 16777215 4095 2047 4194303 4294967295 0 0 0 0 0 0 0 3
0 0 0 0 0 0 0 0 0 0 0 0 0 0 0 0
0 0 0 0 0 0 0 0 8190 1073741822 1048574 7 16383 8191 2047 4294967295
0 0 0 0 0 0 0 31 0 0 0 0 0 0 0 0
0 0 0 0 0 0 0 0 0 0 0 0 0 0 0 0
16777214 2097150 6 4294967295 0 16777215 4095 16383 0 0 0 255 0 0 0 0
0 0 0 0 0 0 0 0 0 0 0 0 0 0 0 0
0 0 0 0 0 0 0 0 67108862 65534 16382 4294967295 6 2147483647 65535 65535
0 0 0 4095 0 0 0 0 0 0 0 0 0 0 0 0
0 0 0 0 0 0 0 0 0 0 0 0 0 0 0 0
4294967294 1 1048574 511 1048575 134217727 4294967295 4294967295 15 0 0 0 0 0 255 7
0 0 0 0 0 0 0 0 0 0 0 0 0 0 0 0
0 0 0 0 0 0 0 0 3 268435454 4294967294 255 4094 16777215 8388607 16777215
0 0 31 0 0 0 0 0 0 0 0 0 0 0 0 0
0 0 0 0 0 0 0 0 0 0 0 0 0 0 0 0
4294967294 262142 4294967294 2 33554431 262143 4294967295 268435455 7 0 0 0 0 0 31 0
0 0 0 0 0 0 0 0 0 0 0 0 0 0 0 0
0 0 0 0 0 0 0 0 8388606 2097150 4294967294 511 2097151 511 4294967295 4294967295
0 0 8191 0 0 0 255 32767 0 0 0 0 0 0 0 0
0 0 0 0 0 0 0 0 0 0 0 0 0 0 0 0
268435454 32767 510 32767 0 32767 268435455 268435455 0 0 0 0 0 0 0 0
0 0 0 0 0 0 0 0 0 0 0 0 0 0 0 0
0 0 0 0 0 0 0 0 4294967294 4095 4294967294 67108863 0 126 4294967295 16777215
32767 0 31 0 0 0 1023 0 0 0 0 0 0 0 0 0
0 0 0 0 0 0 0 0 0 0 0 0 0 0 0 0
4294967294 4194302 4194302 1073741823 1 3 4294967295 16777215 524287 0 0 0 0 0 131071 0
0 0 0 0 0 0 0 0 0 0 0 0 0 0 0 0
0 0 0 0 0 0 0 0 67108862 33554431 4294967294 1048575 8191 134217727 134217727 536870911
0 0 0 0 0 0 0 0 0 0 0 0 0 0 0 0
0 0 0 0 0 0 0 0 0 0 0 0 0 0 0 0
2147483646 126 524286 4294967295 126 4194303 16383 268435455 0 0 0 1 0 0 0 0
0 0 0 0 0 0 0 0 0 0 0 0 0 0 0 0
0 0 0 0 0 0 0 0 2046 7 1073741822 32767 511 33554431 1073741823 32767
0 0 0 0 0 0 0 0 0 0 0 0 0 0 0 0
0 0 0 0 0 0 0 0 0 0 0 0 0 0 0 0
8191 126 16777214 511 2097151 65535 8191 4294967295 0 0 0 0 0 0 0 15
0 0 0 0 0 0 0 0 0 0 0 0 0 0 0 0
0 0 0 0 0 0 0 0 62 524286 30 32767 3 134217727 31 4294967295
0 0 0 0 0 0 0 7 0 0 0 0 0 0 0 0
0 0 0 0 0 0 0 0 0 0 0 0 0 0 0 0
134217726 268435454 0 524287 6 1023 2 1 0 0 0 0 0 0 0 0
0 0 0 0 0 0 0 0 0 0 0 0 0 0 0 0
0 0 0 0 0 0 0 0 8388606 6 536870910 134217727 262143 7 4294967295 127
0 0 0 0 0 0 7 0 0 0 0 0 0 0 0 0
0 0 0 0 0 0 0 0 0 0 0 0 0 0 0 0
4294967294 126 1022 32767 31 1073741823 127 3 1023 0 0 0 0 0 0 0
0 0 0 0 0 0 0 0 0 0 0 0 0 0 0 0
0 0 0 0 0 0 0 0 4294967294 14 16777214 63 1048575 134217727 8388607 16383
127 0 0 0 0 0 0 0 0 0 0 0 0 0 0 0
0 0 0 0 0 0 0 0 0 0 0 0 0 0 0 0
2147483646 511 4294967294 524287 536870911 31 16777215 524287 0 0 7 0 0 0 0 0
0 0 0 0 0 0 0 0 0 0 0 0 0 0 0 0
0 0 0 0 0 0 0 0 268435454 134217726 268435454 2147483647 2147483647 14 4294967295 4294967295
0 0 0 0 0 0 15 262143 0 0 0 0 0 0 0 0
0 0 0 0 0 0 0 0 0 0 0 0 0 0 0 0
4294967294 524286 6 262143 7 524287 255 262143 4194303 0 0 0 0 0 0 0
0 0 0 0 0 0 0 0 0 0 0 0 0 0 0 0
0 0 0 0 0 0 0 0 4294967294 0 65534 65535 127 7 127 32767
31 0 0 0 0 0 0 0 0 0 0 0 0 0 0 0
0 0 0 0 0 0 0 0 0 0 0 0 0 0 0 0
4294967294 16382 8190 16777215 65535 262143 67108863 4294967295 1048575 0 0 0 0 0 0 31
0 0 0 0 0 0 0 0 0 0 0 0 0 0 0 0
0 0 0 0 0 0 0 0 2147483646 510 32766 4294967295 7 2047 4294967295 4294967295
0 0 0 15 0 0 1048575 15 0 0 0 0 0 0 0 0
0 0 0 0 0 0 0 0 0 0 0 0 0 0 0 0
4294967294 63 32766 4294967295 8191 6 4294967295 4294967295 1023 0 0 15 0 0 15 31
0 0 0 0 0 0 0 0 0 0 0 0 0 0 0 0
0 0 0 0 0 0 0 0 4294967294 4094 14 127 2147483647 67108863 2047 4294967295
2047 0 0 0 0 0 0 15 0 0 0 0 0 0 0 0
0 0 0 0 0 0 0 0 0 0 0 0 0 0 0 0
4294967294 126 4294967294 8388607 8388607 65535 33554431 33554431 3 0 2097151 0 0 0 0 0
0 0 0 0 0 0 0 0 0 0 0 0 0 0 0 0
0 0 0 0 0 0 0 0 536870910 32767 511 2047 134217727 14 65535 1023
0 0 0 0 0 0 0 0 0 0 0 0 0 0 0 0
0 0 0 0 0 0 0 0 0 0 0 0 0 0 0 0
16777214 2046 2046 67108863 16777215 1048575 67108863 1048575 0 0 0 0 0 0 0 0
0 0 0 0 0 0 0 0 0 0 0 0 0 0 0 0
0 0 0 0 0 0 0 0 4294967294 4294967294 4294967294 8388607 511 4294967295 4294967295 131071
65535 2047 1023 0 0 2047 63 0 0 0 0 0 0 0 0 0
0 0 0 0 0 0 0 0 0 0 0 0 0 0 0 0
4294967294 4294967294 16777214 33554431 63 4294967295 4294967295 16383 16383 8191 0 0 0 262143 15 0
0 0 0 0 0 0 0 0 0 0 0 0 0 0 0 0
0 0 0 0 0 0 0 0 32766 131070 16777214 16383 1073741823 4294967295 511 2097151
0 0 0 0 0 16383 0 0 0 0 0 0 0 0 0 0
0 0 0 0 0 0 0 0 0 0 0 0 0 0 0 0
268435454 511 65534 67108863 255 14 4294967295 127 0 0 0 0 0 0 3 0
0 0 0 0 0 0 0 0 0 0 0 0 0 0 0 0
0 0 0 0 0 0 0 0 4294967294 126 4294967294 4294967295 16777215 4294967295 1 1023
134217727 0 3 3 0 131071 0 0 0 0 0 0 0 0 0 0
0 0 0 0 0 0 0 0 0 0 0 0 0 0 0 0
16382 31 8190 8191 16383 6 134217727 4194303 0 0 0 0 0 0 0 0
0 0 0 0 0 0 0 0 0 0 0 0 0 0 0 0
0 0 0 0 0 0 0 0 16777214 8190 1 33554431 4095 7 1022 0
0 0 0 0 0 0 0 0 0 0 0 0 0 0 0 0
0 0 0 0 0 0 0 0 0 0 0 0 0 0 0 0
4294967294 4194302 67108862 268435455 15 131071 4294967295 1073741823 1 0 0 0 0 0 0 0
0 0 0 0 0 0 0 0 0 0 0 0 0 0 0 0
0 0 0 0 0 0 0 0 131070 62 1022 131071 63 1 4294967295 268435455
0 0 0 0 0 0 63 0 0 0 0 0 0 0 0 0
0 0 0 0 0 0 0 0 0 0 0 0 0 0 0 0
32766 131070 4294967294 134217727 7 536870911 4294967295 4294967295 0 0 7 0 0 0 255 31
0 0 0 0 0 0 0 0 0 0 0 0 0 0 0 0
0 0 0 0 0 0 0 0 4294967294 2046 1048574 33554431 8191 33554431 2047 4294967295
63 0 0 0 0 0 0 2047 0 0 0 0 0 0 0 0
0 0 0 0 0 0 0 0 0 0 0 0 0 0 0 0
4294967294 1048574 16382 16777214 4294967295 31 262143 262143 15 0 0 0 255 0 0 0
0 0 0 0 0 0 0 0 0 0 0 0 0 0 0 0
0 0 0 0 0 0 0 0 8388606 4094 510 0 30 262143 4294967295 4194303
0 0 0 0 0 0 3 0 0 0 0 0 0 0 0 0
0 0 0 0 0 0 0 0 0 0 0 0 0 0 0 0
67108862 134217726 16777214 4294967295 4294967295 30 262143 4294967295 0 0 0 0 7 0 0 63
0 0 0 0 0 0 0 0 0 0 0 0 0 0 0 0
0 0 0 0 0 0 0 0 4294967294 524286 262142 4294967295 3 524287 268435455 3
0 0 0 7 0 0 0 0 0 0 0 0 0 0 0 0
0 0 0 0 0 0 0 0 0 0 0 0 0 0 0 0
4294967294 0 8388606 15 134217727 1 32767 127 1 0 0 0 0 0 0 0
0 0 0 0 0 0 0 0 0 0 0 0 0 0 0 0
0 0 0 0 0 0 0 0 131070 0 32766 8191 67108863 0 1023 536870911
0 0 0 0 0 0 0 0 0 0 0 0 0 0 0 0
0 0 0 0 0 0 0 0 0 0 0 0 0 0 0 0
8190 63 14 536870911 536870911 262143 536870911 16777215 0 0 0 0 0 0 0 0
0 0 0 0 0 0 0 0 0 0 0 0 0 0 0 0
0 0 0 0 0 0 0 0 536870910 67108862 2147483646 131071 268435455 6 4294967295 2097151
0 0 0 0 0 0 7 0 0 0 0 0 0 0 0 0
0 0 0 0 0 0 0 0 0 0 0 0 0 0 0 0
4294967294 2097150 536870910 134217727 4194303 4294967295 4294967295 254 3 0 0 0 0 1 3 0
0 0 0 0 0 0 0 0 0 0 0 0 0 0 0 0
0 0 0 0 0 0 0 0 4294967294 254 262142 4294967295 536870911 8388607 2097151 262143
0 0 0 0 0 0 0 0 0 0 0 0 0 0 0 0
0 0 0 0 0 0 0 0 0 0 0 0 0 0 0 0
1073741822 16382 4194302 1023 2047 4294967295 65535 4294967295 0 0 0 0 0 0 0 8191
0 0 0 0 0 0 0 0 0 0 0 0 0 0 0 0
0 0 0 0 0 0 0 0 67108862 511 4194302 134217727 2046 4294967295 4294967295 134217727
0 0 0 0 0 1 63 0 0 0 0 0 0 0 0 0
0 0 0 0 0 0 0 0 0 0 0 0 0 0 0 0
1048574 62 4294967294 8191 134217727 8388607 4294967295 4294967295 0 0 63 0 0 0 4095 65535
0 0 0 0 0 0 0 0 0 0 0 0 0 0 0 0
0 0 0 0 0 0 0 0 4294967294 32767 2047 4294967295 255 4294967295 67108863 1048575
255 0 0 255 0 7 0 0 0 0 0 0 0 0 0 0
0 0 0 0 0 0 0 0 0 0 0 0 0 0 0 0
4294967294 524286 32766 4294967295 31 32767 0 32767 65535 0 0 131071 0 0 0 0
0 0 0 0 0 0 0 0 0 0 0 0 0 0 0 0
0 0 0 0 0 0 0 0 2097150 2147483646 4294967294 4294967295 2097150 8388607 0 67108863
0 0 255 63 0 0 0 0 0 0 0 0 0 0 0 0
0 0 0 0 0 0 0 0 0 0 0 0 0 0 0 0
4194302 4194303 134217726 2147483647 30 254 8191 1 0 0 0 0 0 0 0 0
0 0 0 0 0 0 0 0 0 0 0 0 0 0 0 0
0 0 0 0 0 0 0 0 30 511 2046 67108863 16383 4294967295 134217727 30
0 0 0 0 0 255 0 0 0 0 0 0 0 0 0 0
0 0 0 0 0 0 0 0 0 0 0 0 0 0 0 0
16382 30 4294967294 134217726 65535 4194303 67108863 4294967295 0 0 15 0 0 0 0 2047
0 0 0 0 0 0 0 0 0 0 0 0 0 0 0 0
0 0 0 0 0 0 0 0 4294967294 65534 4294967294 4294967295 1022 4294967295 1 131071
131071 0 131071 31 0 65535 0 0 0 0 0 0 0 0 0 0
0 0 0 0 0 0 0 0 0 0 0 0 0 0 0 0
1073741822 1 4094 127 524287 126 0 131071 0 0 0 0 0 0 0 0
0 0 0 0 0 0 0 0 0 0 0 0 0 0 0 0
0 0 0 0 0 0 0 0 67108862 126 2147483646 65535 524287 2147483647 4294967295 32767
0 0 0 0 0 0 3 0 0 0 0 0 0 0 0 0
0 0 0 0 0 0 0 0 0 0 0 0 0 0 0 0
2147483646 16383 524286 4294967295 31 63 4294967295 32767 0 0 0 2047 0 0 15 0
0 0 0 0 0 0 0 0 0 0 0 0 0 0 0 0
0 0 0 0 0 0 0 0 14 4294967294 4094 16383 4094 268435455 4294967295 8388607
0 63 0 0 0 0 255 0 0 0 0 0 0 0 0 0
0 0 0 0 0 0 0 0 0 0 0 0 0 0 0 0
4294967294 4094 524286 4294967295 536870911 4194303 536870911 4294967295 31 0 0 31 0 0 0 7
0 0 0 0 0 0 0 0 0 0 0 0 0 0 0 0
0 0 0 0 0 0 0 0 4294967294 0 0 65535 1 32767 262143 1
3 0 0 0 0 0 0 0 0 0 0 0 0 0 0 0
0 0 0 0 0 0 0 0 0 0 0 0 0 0 0 0
268435454 254 4194302 268435454 16383 511 131071 1048575 0 0 0 0 0 0 0 0
0 0 0 0 0 0 0 0 0 0 0 0 0 0 0 0
0 0 0 0 0 0 0 0 4294967294 6 510 524287 4194303 255 2147483647 2147483647
7 0 0 0 0 0 0 0 0 0 0 0 0 0 0 0
0 0 0 0 0 0 0 0 0 0 0 0 0 0 0 0
4294967294 4294967294 2097150 4294967295 16383 4294967295 4294967295 262143 524287 0 0 7 0 7 7 0
0 0 0 0 0 0 0 0 0 0 0 0 0 0 0 0
0 0 0 0 0 0 0 0 4294967294 65535 510 4294967295 65535 1048575 2147483647 510
7 0 0 7 0 0 0 0 0 0 0 0 0 0 0 0
0 0 0 0 0 0 0 0 0 0 0 0 0 0 0 0
4294967294 3 4294967294 4294967295 134217727 33554431 1048575 33554431 3 0 511 1023 0 0 0 0
0 0 0 0 0 0 0 0 0 0 0 0 0 0 0 0
0 0 0 0 0 0 0 0 524286 65534 30 1048575 8190 4294967295 33554431 4294967295
0 0 0 0 0 3 0 127 0 0 0 0 0 0 0 0
0 0 0 0 0 0 0 0 0 0 0 0 0 0 0 0
536870910 14 1048574 4294967295 4095 134217727 134217727 16777215 0 0 0 524287 0 0 0 0
0 0 0 0 0 0 0 0 0 0 0 0 0 0 0 0
0 0 0 0 0 0 0 0 4294967294 63 4294967294 524287 62 8388607 4294967295 524287
8388607 0 2047 0 0 0 0 0 0 0 0 0 0 0 0 0
0 0 0 0 0 0 0 0 0 0 0 0 0 0 0 0
4294967294 63 31 134217727 4294967295 8191 4294967295 4294967295 255 0 0 0 16383 0 0 511
0 0 0 0 0 0 0 0 0 0 0 0 0 0 0 0
0 0 0 0 0 0 0 0 1073741822 31 33554430 2147483647 16383 8191 32767 8190
0 0 0 0 0 0 0 0 0 0 0 0 0 0 0 0
0 0 0 0 0 0 0 0 0 0 0 0 0 0 0 0
14 14 1048574 3 3 7 16383 134217727 0 0 0 0 0 0 0 0
0 0 0 0 0 0 0 0 0 0 0 0 0 0 0 0
0 0 0 0 0 0 0 0 4294967294 1023 4294967294 268435455 2 3 4294967295 4194303
1023 0 255 0 0 0 2047 0 0 0 0 0 0 0 0 0
0 0 0 0 0 0 0 0 0 0 0 0 0 0 0 0
1048574 30 262142 255 2047 16383 8388607 4294967295 0 0 0 0 0 0 0 63
0 0 0 0 0 0 0 0 0 0 0 0 0 0 0 0
0 0 0 0 0 0 0 0 4294967294 1048574 65534 4294967295 4294967295 4294967295 4294967295 536870911
8191 0 0 0 255 1 0 0 0 0 0 0 0 0 0 0
0 0 0 0 0 0 0 0 0 0 0 0 0 0 0 0
2 536870910 4294967294 4294967295 262142 67108863 8388607 31 0 0 2047 511 0 0 0 0
0 0 0 0 0 0 0 0 0 0 0 0 0 0 0 0
0 0 0 0 0 0 0 0 32766 2046 2046 262143 2047 16777215 32767 262143
0 0 0 0 0 0 0 0 0 0 0 0 0 0 0 0
0 0 0 0 0 0 0 0 0 0 0 0 0 0 0 0
4094 1048574 134217726 0 3 4294967295 4294967295 255 0 0 0 0 0 63 63 0
0 0 0 0 0 0 0 0 0 0 0 0 0 0 0 0
0 0 0 0 0 0 0 0 4294967294 31 536870910 4294967295 2047 16383 4294967295 4294967295
524287 0 0 7 0 0 511 127 0 0 0 0 0 0 0 0
0 0 0 0 0 0 0 0 0 0 0 0 0 0 0 0
[/d_train]
